iso3,name,year,indicator,value
AFE,Africa Eastern and Southern,2025,exchange_rate,
AFE,Africa Eastern and Southern,2024,exchange_rate,
AFE,Africa Eastern and Southern,2023,exchange_rate,
AFE,Africa Eastern and Southern,2022,exchange_rate,
AFE,Africa Eastern and Southern,2021,exchange_rate,
AFE,Africa Eastern and Southern,2020,exchange_rate,
AFE,Africa Eastern and Southern,2019,exchange_rate,
AFE,Africa Eastern and Southern,2018,exchange_rate,
AFE,Africa Eastern and Southern,2017,exchange_rate,
AFE,Africa Eastern and Southern,2016,exchange_rate,
AFE,Africa Eastern and Southern,2015,exchange_rate,
AFW,Africa Western and Central,2025,exchange_rate,
AFW,Africa Western and Central,2024,exchange_rate,
AFW,Africa Western and Central,2023,exchange_rate,
AFW,Africa Western and Central,2022,exchange_rate,
AFW,Africa Western and Central,2021,exchange_rate,
AFW,Africa Western and Central,2020,exchange_rate,
AFW,Africa Western and Central,2019,exchange_rate,
AFW,Africa Western and Central,2018,exchange_rate,
AFW,Africa Western and Central,2017,exchange_rate,
AFW,Africa Western and Central,2016,exchange_rate,
AFW,Africa Western and Central,2015,exchange_rate,
ARB,Arab World,2025,exchange_rate,
ARB,Arab World,2024,exchange_rate,
ARB,Arab World,2023,exchange_rate,
ARB,Arab World,2022,exchange_rate,
ARB,Arab World,2021,exchange_rate,
ARB,Arab World,2020,exchange_rate,
ARB,Arab World,2019,exchange_rate,
ARB,Arab World,2018,exchange_rate,
ARB,Arab World,2017,exchange_rate,
ARB,Arab World,2016,exchange_rate,
ARB,Arab World,2015,exchange_rate,
CSS,Caribbean small states,2025,exchange_rate,
CSS,Caribbean small states,2024,exchange_rate,
CSS,Caribbean small states,2023,exchange_rate,
CSS,Caribbean small states,2022,exchange_rate,
CSS,Caribbean small states,2021,exchange_rate,
CSS,Caribbean small states,2020,exchange_rate,
CSS,Caribbean small states,2019,exchange_rate,
CSS,Caribbean small states,2018,exchange_rate,
CSS,Caribbean small states,2017,exchange_rate,
CSS,Caribbean small states,2016,exchange_rate,
CSS,Caribbean small states,2015,exchange_rate,
CEB,Central Europe and the Baltics,2025,exchange_rate,
CEB,Central Europe and the Baltics,2024,exchange_rate,
CEB,Central Europe and the Baltics,2023,exchange_rate,
CEB,Central Europe and the Baltics,2022,exchange_rate,
CEB,Central Europe and the Baltics,2021,exchange_rate,
CEB,Central Europe and the Baltics,2020,exchange_rate,
CEB,Central Europe and the Baltics,2019,exchange_rate,
CEB,Central Europe and the Baltics,2018,exchange_rate,
CEB,Central Europe and the Baltics,2017,exchange_rate,
CEB,Central Europe and the Baltics,2016,exchange_rate,
CEB,Central Europe and the Baltics,2015,exchange_rate,
EAR,Early-demographic dividend,2025,exchange_rate,
EAR,Early-demographic dividend,2024,exchange_rate,
EAR,Early-demographic dividend,2023,exchange_rate,
EAR,Early-demographic dividend,2022,exchange_rate,
EAR,Early-demographic dividend,2021,exchange_rate,
EAR,Early-demographic dividend,2020,exchange_rate,
EAR,Early-demographic dividend,2019,exchange_rate,
EAR,Early-demographic dividend,2018,exchange_rate,
EAR,Early-demographic dividend,2017,exchange_rate,
EAR,Early-demographic dividend,2016,exchange_rate,
EAR,Early-demographic dividend,2015,exchange_rate,
EAS,East Asia & Pacific,2025,exchange_rate,
EAS,East Asia & Pacific,2024,exchange_rate,
EAS,East Asia & Pacific,2023,exchange_rate,
EAS,East Asia & Pacific,2022,exchange_rate,
EAS,East Asia & Pacific,2021,exchange_rate,
EAS,East Asia & Pacific,2020,exchange_rate,
EAS,East Asia & Pacific,2019,exchange_rate,
EAS,East Asia & Pacific,2018,exchange_rate,
EAS,East Asia & Pacific,2017,exchange_rate,
EAS,East Asia & Pacific,2016,exchange_rate,
EAS,East Asia & Pacific,2015,exchange_rate,
EAP,East Asia & Pacific (excluding high income),2025,exchange_rate,
EAP,East Asia & Pacific (excluding high income),2024,exchange_rate,
EAP,East Asia & Pacific (excluding high income),2023,exchange_rate,
EAP,East Asia & Pacific (excluding high income),2022,exchange_rate,
EAP,East Asia & Pacific (excluding high income),2021,exchange_rate,
EAP,East Asia & Pacific (excluding high income),2020,exchange_rate,
EAP,East Asia & Pacific (excluding high income),2019,exchange_rate,
EAP,East Asia & Pacific (excluding high income),2018,exchange_rate,
EAP,East Asia & Pacific (excluding high income),2017,exchange_rate,
EAP,East Asia & Pacific (excluding high income),2016,exchange_rate,
EAP,East Asia & Pacific (excluding high income),2015,exchange_rate,
TEA,East Asia & Pacific (IDA & IBRD countries),2025,exchange_rate,
TEA,East Asia & Pacific (IDA & IBRD countries),2024,exchange_rate,
TEA,East Asia & Pacific (IDA & IBRD countries),2023,exchange_rate,
TEA,East Asia & Pacific (IDA & IBRD countries),2022,exchange_rate,
TEA,East Asia & Pacific (IDA & IBRD countries),2021,exchange_rate,
TEA,East Asia & Pacific (IDA & IBRD countries),2020,exchange_rate,
TEA,East Asia & Pacific (IDA & IBRD countries),2019,exchange_rate,
TEA,East Asia & Pacific (IDA & IBRD countries),2018,exchange_rate,
TEA,East Asia & Pacific (IDA & IBRD countries),2017,exchange_rate,
TEA,East Asia & Pacific (IDA & IBRD countries),2016,exchange_rate,
TEA,East Asia & Pacific (IDA & IBRD countries),2015,exchange_rate,
EMU,Euro area,2025,exchange_rate,0.88496895841236
EMU,Euro area,2024,exchange_rate,0.923889546117607
EMU,Euro area,2023,exchange_rate,0.924839558470698
EMU,Euro area,2022,exchange_rate,0.949623753156941
EMU,Euro area,2021,exchange_rate,0.84549413889045
EMU,Euro area,2020,exchange_rate,0.875506396987998
EMU,Euro area,2019,exchange_rate,0.893276257067409
EMU,Euro area,2018,exchange_rate,0.846772667108111
EMU,Euro area,2017,exchange_rate,0.885205508269372
EMU,Euro area,2016,exchange_rate,0.903421436257263
EMU,Euro area,2015,exchange_rate,0.901296423367096
ECS,Europe & Central Asia,2025,exchange_rate,
ECS,Europe & Central Asia,2024,exchange_rate,
ECS,Europe & Central Asia,2023,exchange_rate,
ECS,Europe & Central Asia,2022,exchange_rate,
ECS,Europe & Central Asia,2021,exchange_rate,
ECS,Europe & Central Asia,2020,exchange_rate,
ECS,Europe & Central Asia,2019,exchange_rate,
ECS,Europe & Central Asia,2018,exchange_rate,
ECS,Europe & Central Asia,2017,exchange_rate,
ECS,Europe & Central Asia,2016,exchange_rate,
ECS,Europe & Central Asia,2015,exchange_rate,
ECA,Europe & Central Asia (excluding high income),2025,exchange_rate,
ECA,Europe & Central Asia (excluding high income),2024,exchange_rate,
ECA,Europe & Central Asia (excluding high income),2023,exchange_rate,
ECA,Europe & Central Asia (excluding high income),2022,exchange_rate,
ECA,Europe & Central Asia (excluding high income),2021,exchange_rate,
ECA,Europe & Central Asia (excluding high income),2020,exchange_rate,
ECA,Europe & Central Asia (excluding high income),2019,exchange_rate,
ECA,Europe & Central Asia (excluding high income),2018,exchange_rate,
ECA,Europe & Central Asia (excluding high income),2017,exchange_rate,
ECA,Europe & Central Asia (excluding high income),2016,exchange_rate,
ECA,Europe & Central Asia (excluding high income),2015,exchange_rate,
TEC,Europe & Central Asia (IDA & IBRD countries),2025,exchange_rate,
TEC,Europe & Central Asia (IDA & IBRD countries),2024,exchange_rate,
TEC,Europe & Central Asia (IDA & IBRD countries),2023,exchange_rate,
TEC,Europe & Central Asia (IDA & IBRD countries),2022,exchange_rate,
TEC,Europe & Central Asia (IDA & IBRD countries),2021,exchange_rate,
TEC,Europe & Central Asia (IDA & IBRD countries),2020,exchange_rate,
TEC,Europe & Central Asia (IDA & IBRD countries),2019,exchange_rate,
TEC,Europe & Central Asia (IDA & IBRD countries),2018,exchange_rate,
TEC,Europe & Central Asia (IDA & IBRD countries),2017,exchange_rate,
TEC,Europe & Central Asia (IDA & IBRD countries),2016,exchange_rate,
TEC,Europe & Central Asia (IDA & IBRD countries),2015,exchange_rate,
EUU,European Union,2025,exchange_rate,
EUU,European Union,2024,exchange_rate,
EUU,European Union,2023,exchange_rate,
EUU,European Union,2022,exchange_rate,
EUU,European Union,2021,exchange_rate,
EUU,European Union,2020,exchange_rate,
EUU,European Union,2019,exchange_rate,
EUU,European Union,2018,exchange_rate,
EUU,European Union,2017,exchange_rate,
EUU,European Union,2016,exchange_rate,
EUU,European Union,2015,exchange_rate,
HPC,Heavily indebted poor countries (HIPC),2025,exchange_rate,
HPC,Heavily indebted poor countries (HIPC),2024,exchange_rate,
HPC,Heavily indebted poor countries (HIPC),2023,exchange_rate,
HPC,Heavily indebted poor countries (HIPC),2022,exchange_rate,
HPC,Heavily indebted poor countries (HIPC),2021,exchange_rate,
HPC,Heavily indebted poor countries (HIPC),2020,exchange_rate,
HPC,Heavily indebted poor countries (HIPC),2019,exchange_rate,
HPC,Heavily indebted poor countries (HIPC),2018,exchange_rate,
HPC,Heavily indebted poor countries (HIPC),2017,exchange_rate,
HPC,Heavily indebted poor countries (HIPC),2016,exchange_rate,
HPC,Heavily indebted poor countries (HIPC),2015,exchange_rate,
,High income,2025,exchange_rate,
,High income,2024,exchange_rate,
,High income,2023,exchange_rate,
,High income,2022,exchange_rate,
,High income,2021,exchange_rate,
,High income,2020,exchange_rate,
,High income,2019,exchange_rate,
,High income,2018,exchange_rate,
,High income,2017,exchange_rate,
,High income,2016,exchange_rate,
,High income,2015,exchange_rate,
IBD,IBRD only,2025,exchange_rate,
IBD,IBRD only,2024,exchange_rate,
IBD,IBRD only,2023,exchange_rate,
IBD,IBRD only,2022,exchange_rate,
IBD,IBRD only,2021,exchange_rate,
IBD,IBRD only,2020,exchange_rate,
IBD,IBRD only,2019,exchange_rate,
IBD,IBRD only,2018,exchange_rate,
IBD,IBRD only,2017,exchange_rate,
IBD,IBRD only,2016,exchange_rate,
IBD,IBRD only,2015,exchange_rate,
IBT,IDA & IBRD total,2025,exchange_rate,
IBT,IDA & IBRD total,2024,exchange_rate,
IBT,IDA & IBRD total,2023,exchange_rate,
IBT,IDA & IBRD total,2022,exchange_rate,
IBT,IDA & IBRD total,2021,exchange_rate,
IBT,IDA & IBRD total,2020,exchange_rate,
IBT,IDA & IBRD total,2019,exchange_rate,
IBT,IDA & IBRD total,2018,exchange_rate,
IBT,IDA & IBRD total,2017,exchange_rate,
IBT,IDA & IBRD total,2016,exchange_rate,
IBT,IDA & IBRD total,2015,exchange_rate,
IDB,IDA blend,2025,exchange_rate,
IDB,IDA blend,2024,exchange_rate,
IDB,IDA blend,2023,exchange_rate,
IDB,IDA blend,2022,exchange_rate,
IDB,IDA blend,2021,exchange_rate,
IDB,IDA blend,2020,exchange_rate,
IDB,IDA blend,2019,exchange_rate,
IDB,IDA blend,2018,exchange_rate,
IDB,IDA blend,2017,exchange_rate,
IDB,IDA blend,2016,exchange_rate,
IDB,IDA blend,2015,exchange_rate,
IDX,IDA only,2025,exchange_rate,
IDX,IDA only,2024,exchange_rate,
IDX,IDA only,2023,exchange_rate,
IDX,IDA only,2022,exchange_rate,
IDX,IDA only,2021,exchange_rate,
IDX,IDA only,2020,exchange_rate,
IDX,IDA only,2019,exchange_rate,
IDX,IDA only,2018,exchange_rate,
IDX,IDA only,2017,exchange_rate,
IDX,IDA only,2016,exchange_rate,
IDX,IDA only,2015,exchange_rate,
IDA,IDA total,2025,exchange_rate,
IDA,IDA total,2024,exchange_rate,
IDA,IDA total,2023,exchange_rate,
IDA,IDA total,2022,exchange_rate,
IDA,IDA total,2021,exchange_rate,
IDA,IDA total,2020,exchange_rate,
IDA,IDA total,2019,exchange_rate,
IDA,IDA total,2018,exchange_rate,
IDA,IDA total,2017,exchange_rate,
IDA,IDA total,2016,exchange_rate,
IDA,IDA total,2015,exchange_rate,
LTE,Late-demographic dividend,2025,exchange_rate,
LTE,Late-demographic dividend,2024,exchange_rate,
LTE,Late-demographic dividend,2023,exchange_rate,
LTE,Late-demographic dividend,2022,exchange_rate,
LTE,Late-demographic dividend,2021,exchange_rate,
LTE,Late-demographic dividend,2020,exchange_rate,
LTE,Late-demographic dividend,2019,exchange_rate,
LTE,Late-demographic dividend,2018,exchange_rate,
LTE,Late-demographic dividend,2017,exchange_rate,
LTE,Late-demographic dividend,2016,exchange_rate,
LTE,Late-demographic dividend,2015,exchange_rate,
LCN,Latin America & Caribbean,2025,exchange_rate,
LCN,Latin America & Caribbean,2024,exchange_rate,
LCN,Latin America & Caribbean,2023,exchange_rate,
LCN,Latin America & Caribbean,2022,exchange_rate,
LCN,Latin America & Caribbean,2021,exchange_rate,
LCN,Latin America & Caribbean,2020,exchange_rate,
LCN,Latin America & Caribbean,2019,exchange_rate,
LCN,Latin America & Caribbean,2018,exchange_rate,
LCN,Latin America & Caribbean,2017,exchange_rate,
LCN,Latin America & Caribbean,2016,exchange_rate,
LCN,Latin America & Caribbean,2015,exchange_rate,
LAC,Latin America & Caribbean (excluding high income),2025,exchange_rate,
LAC,Latin America & Caribbean (excluding high income),2024,exchange_rate,
LAC,Latin America & Caribbean (excluding high income),2023,exchange_rate,
LAC,Latin America & Caribbean (excluding high income),2022,exchange_rate,
LAC,Latin America & Caribbean (excluding high income),2021,exchange_rate,
LAC,Latin America & Caribbean (excluding high income),2020,exchange_rate,
LAC,Latin America & Caribbean (excluding high income),2019,exchange_rate,
LAC,Latin America & Caribbean (excluding high income),2018,exchange_rate,
LAC,Latin America & Caribbean (excluding high income),2017,exchange_rate,
LAC,Latin America & Caribbean (excluding high income),2016,exchange_rate,
LAC,Latin America & Caribbean (excluding high income),2015,exchange_rate,
TLA,Latin America & the Caribbean (IDA & IBRD countries),2025,exchange_rate,
TLA,Latin America & the Caribbean (IDA & IBRD countries),2024,exchange_rate,
TLA,Latin America & the Caribbean (IDA & IBRD countries),2023,exchange_rate,
TLA,Latin America & the Caribbean (IDA & IBRD countries),2022,exchange_rate,
TLA,Latin America & the Caribbean (IDA & IBRD countries),2021,exchange_rate,
TLA,Latin America & the Caribbean (IDA & IBRD countries),2020,exchange_rate,
TLA,Latin America & the Caribbean (IDA & IBRD countries),2019,exchange_rate,
TLA,Latin America & the Caribbean (IDA & IBRD countries),2018,exchange_rate,
TLA,Latin America & the Caribbean (IDA & IBRD countries),2017,exchange_rate,
TLA,Latin America & the Caribbean (IDA & IBRD countries),2016,exchange_rate,
TLA,Latin America & the Caribbean (IDA & IBRD countries),2015,exchange_rate,
LDC,Least developed countries: UN classification,2025,exchange_rate,
LDC,Least developed countries: UN classification,2024,exchange_rate,
LDC,Least developed countries: UN classification,2023,exchange_rate,
LDC,Least developed countries: UN classification,2022,exchange_rate,
LDC,Least developed countries: UN classification,2021,exchange_rate,
LDC,Least developed countries: UN classification,2020,exchange_rate,
LDC,Least developed countries: UN classification,2019,exchange_rate,
LDC,Least developed countries: UN classification,2018,exchange_rate,
LDC,Least developed countries: UN classification,2017,exchange_rate,
LDC,Least developed countries: UN classification,2016,exchange_rate,
LDC,Least developed countries: UN classification,2015,exchange_rate,
LMY,Low & middle income,2025,exchange_rate,
LMY,Low & middle income,2024,exchange_rate,
LMY,Low & middle income,2023,exchange_rate,
LMY,Low & middle income,2022,exchange_rate,
LMY,Low & middle income,2021,exchange_rate,
LMY,Low & middle income,2020,exchange_rate,
LMY,Low & middle income,2019,exchange_rate,
LMY,Low & middle income,2018,exchange_rate,
LMY,Low & middle income,2017,exchange_rate,
LMY,Low & middle income,2016,exchange_rate,
LMY,Low & middle income,2015,exchange_rate,
,Low income,2025,exchange_rate,
,Low income,2024,exchange_rate,
,Low income,2023,exchange_rate,
,Low income,2022,exchange_rate,
,Low income,2021,exchange_rate,
,Low income,2020,exchange_rate,
,Low income,2019,exchange_rate,
,Low income,2018,exchange_rate,
,Low income,2017,exchange_rate,
,Low income,2016,exchange_rate,
,Low income,2015,exchange_rate,
,Lower middle income,2025,exchange_rate,
,Lower middle income,2024,exchange_rate,
,Lower middle income,2023,exchange_rate,
,Lower middle income,2022,exchange_rate,
,Lower middle income,2021,exchange_rate,
,Lower middle income,2020,exchange_rate,
,Lower middle income,2019,exchange_rate,
,Lower middle income,2018,exchange_rate,
,Lower middle income,2017,exchange_rate,
,Lower middle income,2016,exchange_rate,
,Lower middle income,2015,exchange_rate,
MEA,"Middle East, North Africa, Afghanistan & Pakistan",2025,exchange_rate,
MEA,"Middle East, North Africa, Afghanistan & Pakistan",2024,exchange_rate,
MEA,"Middle East, North Africa, Afghanistan & Pakistan",2023,exchange_rate,
MEA,"Middle East, North Africa, Afghanistan & Pakistan",2022,exchange_rate,
MEA,"Middle East, North Africa, Afghanistan & Pakistan",2021,exchange_rate,
MEA,"Middle East, North Africa, Afghanistan & Pakistan",2020,exchange_rate,
MEA,"Middle East, North Africa, Afghanistan & Pakistan",2019,exchange_rate,
MEA,"Middle East, North Africa, Afghanistan & Pakistan",2018,exchange_rate,
MEA,"Middle East, North Africa, Afghanistan & Pakistan",2017,exchange_rate,
MEA,"Middle East, North Africa, Afghanistan & Pakistan",2016,exchange_rate,
MEA,"Middle East, North Africa, Afghanistan & Pakistan",2015,exchange_rate,
MNA,"Middle East, North Africa, Afghanistan & Pakistan (excluding high income)",2025,exchange_rate,
MNA,"Middle East, North Africa, Afghanistan & Pakistan (excluding high income)",2024,exchange_rate,
MNA,"Middle East, North Africa, Afghanistan & Pakistan (excluding high income)",2023,exchange_rate,
MNA,"Middle East, North Africa, Afghanistan & Pakistan (excluding high income)",2022,exchange_rate,
MNA,"Middle East, North Africa, Afghanistan & Pakistan (excluding high income)",2021,exchange_rate,
MNA,"Middle East, North Africa, Afghanistan & Pakistan (excluding high income)",2020,exchange_rate,
MNA,"Middle East, North Africa, Afghanistan & Pakistan (excluding high income)",2019,exchange_rate,
MNA,"Middle East, North Africa, Afghanistan & Pakistan (excluding high income)",2018,exchange_rate,
MNA,"Middle East, North Africa, Afghanistan & Pakistan (excluding high income)",2017,exchange_rate,
MNA,"Middle East, North Africa, Afghanistan & Pakistan (excluding high income)",2016,exchange_rate,
MNA,"Middle East, North Africa, Afghanistan & Pakistan (excluding high income)",2015,exchange_rate,
TMN,"Middle East, North Africa, Afghanistan & Pakistan (IDA & IBRD)",2025,exchange_rate,
TMN,"Middle East, North Africa, Afghanistan & Pakistan (IDA & IBRD)",2024,exchange_rate,
TMN,"Middle East, North Africa, Afghanistan & Pakistan (IDA & IBRD)",2023,exchange_rate,
TMN,"Middle East, North Africa, Afghanistan & Pakistan (IDA & IBRD)",2022,exchange_rate,
TMN,"Middle East, North Africa, Afghanistan & Pakistan (IDA & IBRD)",2021,exchange_rate,
TMN,"Middle East, North Africa, Afghanistan & Pakistan (IDA & IBRD)",2020,exchange_rate,
TMN,"Middle East, North Africa, Afghanistan & Pakistan (IDA & IBRD)",2019,exchange_rate,
TMN,"Middle East, North Africa, Afghanistan & Pakistan (IDA & IBRD)",2018,exchange_rate,
TMN,"Middle East, North Africa, Afghanistan & Pakistan (IDA & IBRD)",2017,exchange_rate,
TMN,"Middle East, North Africa, Afghanistan & Pakistan (IDA & IBRD)",2016,exchange_rate,
TMN,"Middle East, North Africa, Afghanistan & Pakistan (IDA & IBRD)",2015,exchange_rate,
MIC,Middle income,2025,exchange_rate,
MIC,Middle income,2024,exchange_rate,
MIC,Middle income,2023,exchange_rate,
MIC,Middle income,2022,exchange_rate,
MIC,Middle income,2021,exchange_rate,
MIC,Middle income,2020,exchange_rate,
MIC,Middle income,2019,exchange_rate,
MIC,Middle income,2018,exchange_rate,
MIC,Middle income,2017,exchange_rate,
MIC,Middle income,2016,exchange_rate,
MIC,Middle income,2015,exchange_rate,
NAC,North America,2025,exchange_rate,
NAC,North America,2024,exchange_rate,
NAC,North America,2023,exchange_rate,
NAC,North America,2022,exchange_rate,
NAC,North America,2021,exchange_rate,
NAC,North America,2020,exchange_rate,
NAC,North America,2019,exchange_rate,
NAC,North America,2018,exchange_rate,
NAC,North America,2017,exchange_rate,
NAC,North America,2016,exchange_rate,
NAC,North America,2015,exchange_rate,
,Not classified,2025,exchange_rate,
,Not classified,2024,exchange_rate,
,Not classified,2023,exchange_rate,
,Not classified,2022,exchange_rate,
,Not classified,2021,exchange_rate,
,Not classified,2020,exchange_rate,
,Not classified,2019,exchange_rate,
,Not classified,2018,exchange_rate,
,Not classified,2017,exchange_rate,
,Not classified,2016,exchange_rate,
,Not classified,2015,exchange_rate,
OED,OECD members,2025,exchange_rate,
OED,OECD members,2024,exchange_rate,
OED,OECD members,2023,exchange_rate,
OED,OECD members,2022,exchange_rate,
OED,OECD members,2021,exchange_rate,
OED,OECD members,2020,exchange_rate,
OED,OECD members,2019,exchange_rate,
OED,OECD members,2018,exchange_rate,
OED,OECD members,2017,exchange_rate,
OED,OECD members,2016,exchange_rate,
OED,OECD members,2015,exchange_rate,
OSS,Other small states,2025,exchange_rate,
OSS,Other small states,2024,exchange_rate,
OSS,Other small states,2023,exchange_rate,
OSS,Other small states,2022,exchange_rate,
OSS,Other small states,2021,exchange_rate,
OSS,Other small states,2020,exchange_rate,
OSS,Other small states,2019,exchange_rate,
OSS,Other small states,2018,exchange_rate,
OSS,Other small states,2017,exchange_rate,
OSS,Other small states,2016,exchange_rate,
OSS,Other small states,2015,exchange_rate,
PSS,Pacific island small states,2025,exchange_rate,
PSS,Pacific island small states,2024,exchange_rate,
PSS,Pacific island small states,2023,exchange_rate,
PSS,Pacific island small states,2022,exchange_rate,
PSS,Pacific island small states,2021,exchange_rate,
PSS,Pacific island small states,2020,exchange_rate,
PSS,Pacific island small states,2019,exchange_rate,
PSS,Pacific island small states,2018,exchange_rate,
PSS,Pacific island small states,2017,exchange_rate,
PSS,Pacific island small states,2016,exchange_rate,
PSS,Pacific island small states,2015,exchange_rate,
PST,Post-demographic dividend,2025,exchange_rate,
PST,Post-demographic dividend,2024,exchange_rate,
PST,Post-demographic dividend,2023,exchange_rate,
PST,Post-demographic dividend,2022,exchange_rate,
PST,Post-demographic dividend,2021,exchange_rate,
PST,Post-demographic dividend,2020,exchange_rate,
PST,Post-demographic dividend,2019,exchange_rate,
PST,Post-demographic dividend,2018,exchange_rate,
PST,Post-demographic dividend,2017,exchange_rate,
PST,Post-demographic dividend,2016,exchange_rate,
PST,Post-demographic dividend,2015,exchange_rate,
PRE,Pre-demographic dividend,2025,exchange_rate,
PRE,Pre-demographic dividend,2024,exchange_rate,
PRE,Pre-demographic dividend,2023,exchange_rate,
PRE,Pre-demographic dividend,2022,exchange_rate,
PRE,Pre-demographic dividend,2021,exchange_rate,
PRE,Pre-demographic dividend,2020,exchange_rate,
PRE,Pre-demographic dividend,2019,exchange_rate,
PRE,Pre-demographic dividend,2018,exchange_rate,
PRE,Pre-demographic dividend,2017,exchange_rate,
PRE,Pre-demographic dividend,2016,exchange_rate,
PRE,Pre-demographic dividend,2015,exchange_rate,
SST,Small states,2025,exchange_rate,
SST,Small states,2024,exchange_rate,
SST,Small states,2023,exchange_rate,
SST,Small states,2022,exchange_rate,
SST,Small states,2021,exchange_rate,
SST,Small states,2020,exchange_rate,
SST,Small states,2019,exchange_rate,
SST,Small states,2018,exchange_rate,
SST,Small states,2017,exchange_rate,
SST,Small states,2016,exchange_rate,
SST,Small states,2015,exchange_rate,
SAS,South Asia,2025,exchange_rate,
SAS,South Asia,2024,exchange_rate,
SAS,South Asia,2023,exchange_rate,
SAS,South Asia,2022,exchange_rate,
SAS,South Asia,2021,exchange_rate,
SAS,South Asia,2020,exchange_rate,
SAS,South Asia,2019,exchange_rate,
SAS,South Asia,2018,exchange_rate,
SAS,South Asia,2017,exchange_rate,
SAS,South Asia,2016,exchange_rate,
SAS,South Asia,2015,exchange_rate,
TSA,South Asia (IDA & IBRD),2025,exchange_rate,
TSA,South Asia (IDA & IBRD),2024,exchange_rate,
TSA,South Asia (IDA & IBRD),2023,exchange_rate,
TSA,South Asia (IDA & IBRD),2022,exchange_rate,
TSA,South Asia (IDA & IBRD),2021,exchange_rate,
TSA,South Asia (IDA & IBRD),2020,exchange_rate,
TSA,South Asia (IDA & IBRD),2019,exchange_rate,
TSA,South Asia (IDA & IBRD),2018,exchange_rate,
TSA,South Asia (IDA & IBRD),2017,exchange_rate,
TSA,South Asia (IDA & IBRD),2016,exchange_rate,
TSA,South Asia (IDA & IBRD),2015,exchange_rate,
SSF,Sub-Saharan Africa,2025,exchange_rate,
SSF,Sub-Saharan Africa,2024,exchange_rate,
SSF,Sub-Saharan Africa,2023,exchange_rate,
SSF,Sub-Saharan Africa,2022,exchange_rate,
SSF,Sub-Saharan Africa,2021,exchange_rate,
SSF,Sub-Saharan Africa,2020,exchange_rate,
SSF,Sub-Saharan Africa,2019,exchange_rate,
SSF,Sub-Saharan Africa,2018,exchange_rate,
SSF,Sub-Saharan Africa,2017,exchange_rate,
SSF,Sub-Saharan Africa,2016,exchange_rate,
SSF,Sub-Saharan Africa,2015,exchange_rate,
SSA,Sub-Saharan Africa (excluding high income),2025,exchange_rate,
SSA,Sub-Saharan Africa (excluding high income),2024,exchange_rate,
SSA,Sub-Saharan Africa (excluding high income),2023,exchange_rate,
SSA,Sub-Saharan Africa (excluding high income),2022,exchange_rate,
SSA,Sub-Saharan Africa (excluding high income),2021,exchange_rate,
SSA,Sub-Saharan Africa (excluding high income),2020,exchange_rate,
SSA,Sub-Saharan Africa (excluding high income),2019,exchange_rate,
SSA,Sub-Saharan Africa (excluding high income),2018,exchange_rate,
SSA,Sub-Saharan Africa (excluding high income),2017,exchange_rate,
SSA,Sub-Saharan Africa (excluding high income),2016,exchange_rate,
SSA,Sub-Saharan Africa (excluding high income),2015,exchange_rate,
TSS,Sub-Saharan Africa (IDA & IBRD countries),2025,exchange_rate,
TSS,Sub-Saharan Africa (IDA & IBRD countries),2024,exchange_rate,
TSS,Sub-Saharan Africa (IDA & IBRD countries),2023,exchange_rate,
TSS,Sub-Saharan Africa (IDA & IBRD countries),2022,exchange_rate,
TSS,Sub-Saharan Africa (IDA & IBRD countries),2021,exchange_rate,
TSS,Sub-Saharan Africa (IDA & IBRD countries),2020,exchange_rate,
TSS,Sub-Saharan Africa (IDA & IBRD countries),2019,exchange_rate,
TSS,Sub-Saharan Africa (IDA & IBRD countries),2018,exchange_rate,
TSS,Sub-Saharan Africa (IDA & IBRD countries),2017,exchange_rate,
TSS,Sub-Saharan Africa (IDA & IBRD countries),2016,exchange_rate,
TSS,Sub-Saharan Africa (IDA & IBRD countries),2015,exchange_rate,
,Upper middle income,2025,exchange_rate,
,Upper middle income,2024,exchange_rate,
,Upper middle income,2023,exchange_rate,
,Upper middle income,2022,exchange_rate,
,Upper middle income,2021,exchange_rate,
,Upper middle income,2020,exchange_rate,
,Upper middle income,2019,exchange_rate,
,Upper middle income,2018,exchange_rate,
,Upper middle income,2017,exchange_rate,
,Upper middle income,2016,exchange_rate,
,Upper middle income,2015,exchange_rate,
WLD,World,2025,exchange_rate,
WLD,World,2024,exchange_rate,
WLD,World,2023,exchange_rate,
WLD,World,2022,exchange_rate,
WLD,World,2021,exchange_rate,
WLD,World,2020,exchange_rate,
WLD,World,2019,exchange_rate,
WLD,World,2018,exchange_rate,
WLD,World,2017,exchange_rate,
WLD,World,2016,exchange_rate,
WLD,World,2015,exchange_rate,
AFG,Afghanistan,2025,exchange_rate,
AFG,Afghanistan,2024,exchange_rate,
AFG,Afghanistan,2023,exchange_rate,
AFG,Afghanistan,2022,exchange_rate,
AFG,Afghanistan,2021,exchange_rate,
AFG,Afghanistan,2020,exchange_rate,76.8135364354897
AFG,Afghanistan,2019,exchange_rate,77.7379491783367
AFG,Afghanistan,2018,exchange_rate,72.083247177304
AFG,Afghanistan,2017,exchange_rate,68.0269040822312
AFG,Afghanistan,2016,exchange_rate,67.8660857692308
AFG,Afghanistan,2015,exchange_rate,61.1434615416667
ALB,Albania,2025,exchange_rate,
ALB,Albania,2024,exchange_rate,93.1233333333333
ALB,Albania,2023,exchange_rate,100.645
ALB,Albania,2022,exchange_rate,113.041666666667
ALB,Albania,2021,exchange_rate,103.52
ALB,Albania,2020,exchange_rate,108.65
ALB,Albania,2019,exchange_rate,109.850833333333
ALB,Albania,2018,exchange_rate,107.989166666667
ALB,Albania,2017,exchange_rate,119.1
ALB,Albania,2016,exchange_rate,124.1425
ALB,Albania,2015,exchange_rate,125.961666666667
DZA,Algeria,2025,exchange_rate,131.605925
DZA,Algeria,2024,exchange_rate,134.053241666667
DZA,Algeria,2023,exchange_rate,135.842933333333
DZA,Algeria,2022,exchange_rate,141.994975
DZA,Algeria,2021,exchange_rate,135.064058333333
DZA,Algeria,2020,exchange_rate,126.7768
DZA,Algeria,2019,exchange_rate,119.353558333333
DZA,Algeria,2018,exchange_rate,116.593791666667
DZA,Algeria,2017,exchange_rate,110.973016666667
DZA,Algeria,2016,exchange_rate,109.443066666667
DZA,Algeria,2015,exchange_rate,100.691433333333
ASM,American Samoa,2025,exchange_rate,1.0
ASM,American Samoa,2024,exchange_rate,1.0
ASM,American Samoa,2023,exchange_rate,1.0
ASM,American Samoa,2022,exchange_rate,1.0
ASM,American Samoa,2021,exchange_rate,1.0
ASM,American Samoa,2020,exchange_rate,1.0
ASM,American Samoa,2019,exchange_rate,1.0
ASM,American Samoa,2018,exchange_rate,1.0
ASM,American Samoa,2017,exchange_rate,1.0
ASM,American Samoa,2016,exchange_rate,1.0
ASM,American Samoa,2015,exchange_rate,1.0
AND,Andorra,2025,exchange_rate,0.887144250370588
AND,Andorra,2024,exchange_rate,0.924367447270267
AND,Andorra,2023,exchange_rate,0.924709622987356
AND,Andorra,2022,exchange_rate,0.950915533962108
AND,Andorra,2021,exchange_rate,0.845376564367945
AND,Andorra,2020,exchange_rate,
AND,Andorra,2019,exchange_rate,
AND,Andorra,2018,exchange_rate,
AND,Andorra,2017,exchange_rate,
AND,Andorra,2016,exchange_rate,
AND,Andorra,2015,exchange_rate,
AGO,Angola,2025,exchange_rate,911.99303781631
AGO,Angola,2024,exchange_rate,869.846189590008
AGO,Angola,2023,exchange_rate,685.020237761449
AGO,Angola,2022,exchange_rate,460.567511631462
AGO,Angola,2021,exchange_rate,631.441955506727
AGO,Angola,2020,exchange_rate,578.25878028011
AGO,Angola,2019,exchange_rate,364.825804980887
AGO,Angola,2018,exchange_rate,252.855747731297
AGO,Angola,2017,exchange_rate,165.915950691498
AGO,Angola,2016,exchange_rate,163.656434116579
AGO,Angola,2015,exchange_rate,120.060701665019
ATG,Antigua and Barbuda,2025,exchange_rate,2.7
ATG,Antigua and Barbuda,2024,exchange_rate,2.7
ATG,Antigua and Barbuda,2023,exchange_rate,2.7
ATG,Antigua and Barbuda,2022,exchange_rate,2.7
ATG,Antigua and Barbuda,2021,exchange_rate,2.7
ATG,Antigua and Barbuda,2020,exchange_rate,2.7
ATG,Antigua and Barbuda,2019,exchange_rate,2.7
ATG,Antigua and Barbuda,2018,exchange_rate,2.7
ATG,Antigua and Barbuda,2017,exchange_rate,2.7
ATG,Antigua and Barbuda,2016,exchange_rate,2.7
ATG,Antigua and Barbuda,2015,exchange_rate,2.7
ARG,Argentina,2025,exchange_rate,1240.85125
ARG,Argentina,2024,exchange_rate,914.694883333333
ARG,Argentina,2023,exchange_rate,296.258041666667
ARG,Argentina,2022,exchange_rate,130.61655
ARG,Argentina,2021,exchange_rate,94.9907416666667
ARG,Argentina,2020,exchange_rate,70.5391666666667
ARG,Argentina,2019,exchange_rate,48.1478916666667
ARG,Argentina,2018,exchange_rate,28.0949916666667
ARG,Argentina,2017,exchange_rate,16.5627069251411
ARG,Argentina,2016,exchange_rate,14.7581750873396
ARG,Argentina,2015,exchange_rate,9.23318552472429
ARM,Armenia,2025,exchange_rate,387.010152166483
ARM,Armenia,2024,exchange_rate,392.729551399084
ARM,Armenia,2023,exchange_rate,392.476302158971
ARM,Armenia,2022,exchange_rate,435.6661796523
ARM,Armenia,2021,exchange_rate,503.769674961652
ARM,Armenia,2020,exchange_rate,489.008858590915
ARM,Armenia,2019,exchange_rate,480.44512876712
ARM,Armenia,2018,exchange_rate,482.987946590235
ARM,Armenia,2017,exchange_rate,482.716393849129
ARM,Armenia,2016,exchange_rate,480.488150777966
ARM,Armenia,2015,exchange_rate,477.918306576099
ABW,Aruba,2025,exchange_rate,1.79
ABW,Aruba,2024,exchange_rate,1.79
ABW,Aruba,2023,exchange_rate,1.79
ABW,Aruba,2022,exchange_rate,1.79
ABW,Aruba,2021,exchange_rate,1.79
ABW,Aruba,2020,exchange_rate,1.79
ABW,Aruba,2019,exchange_rate,1.79
ABW,Aruba,2018,exchange_rate,1.79
ABW,Aruba,2017,exchange_rate,1.79
ABW,Aruba,2016,exchange_rate,1.79
ABW,Aruba,2015,exchange_rate,1.79
AUS,Australia,2025,exchange_rate,1.5519978866485
AUS,Australia,2024,exchange_rate,1.51535803855596
AUS,Australia,2023,exchange_rate,1.50519106560509
AUS,Australia,2022,exchange_rate,1.44166445896522
AUS,Australia,2021,exchange_rate,1.33122425957081
AUS,Australia,2020,exchange_rate,1.45308511847016
AUS,Australia,2019,exchange_rate,1.43850654421382
AUS,Australia,2018,exchange_rate,1.33841214646451
AUS,Australia,2017,exchange_rate,1.30475807671592
AUS,Australia,2016,exchange_rate,1.34521397601947
AUS,Australia,2015,exchange_rate,1.33109026245502
AUT,Austria,2025,exchange_rate,0.88496895841236
AUT,Austria,2024,exchange_rate,0.923889546117607
AUT,Austria,2023,exchange_rate,0.924839558470698
AUT,Austria,2022,exchange_rate,0.949623753156941
AUT,Austria,2021,exchange_rate,0.84549413889045
AUT,Austria,2020,exchange_rate,0.875506396987998
AUT,Austria,2019,exchange_rate,0.893276257067409
AUT,Austria,2018,exchange_rate,0.846772667108111
AUT,Austria,2017,exchange_rate,0.885205508269372
AUT,Austria,2016,exchange_rate,0.903421436257263
AUT,Austria,2015,exchange_rate,0.901296423367096
AZE,Azerbaijan,2025,exchange_rate,1.7
AZE,Azerbaijan,2024,exchange_rate,1.7
AZE,Azerbaijan,2023,exchange_rate,1.7
AZE,Azerbaijan,2022,exchange_rate,1.7
AZE,Azerbaijan,2021,exchange_rate,1.7
AZE,Azerbaijan,2020,exchange_rate,1.7
AZE,Azerbaijan,2019,exchange_rate,1.7
AZE,Azerbaijan,2018,exchange_rate,1.70001666666667
AZE,Azerbaijan,2017,exchange_rate,1.72115480222734
AZE,Azerbaijan,2016,exchange_rate,1.59572157270424
AZE,Azerbaijan,2015,exchange_rate,1.02456381855059
BHS,"Bahamas, The",2025,exchange_rate,1.0
BHS,"Bahamas, The",2024,exchange_rate,1.0
BHS,"Bahamas, The",2023,exchange_rate,1.0
BHS,"Bahamas, The",2022,exchange_rate,1.0
BHS,"Bahamas, The",2021,exchange_rate,1.0
BHS,"Bahamas, The",2020,exchange_rate,1.0
BHS,"Bahamas, The",2019,exchange_rate,1.0
BHS,"Bahamas, The",2018,exchange_rate,1.0
BHS,"Bahamas, The",2017,exchange_rate,1.0
BHS,"Bahamas, The",2016,exchange_rate,1.0
BHS,"Bahamas, The",2015,exchange_rate,1.0
BHR,Bahrain,2025,exchange_rate,0.376
BHR,Bahrain,2024,exchange_rate,0.376
BHR,Bahrain,2023,exchange_rate,0.376
BHR,Bahrain,2022,exchange_rate,0.376
BHR,Bahrain,2021,exchange_rate,0.376
BHR,Bahrain,2020,exchange_rate,0.376
BHR,Bahrain,2019,exchange_rate,0.376
BHR,Bahrain,2018,exchange_rate,0.376
BHR,Bahrain,2017,exchange_rate,0.376
BHR,Bahrain,2016,exchange_rate,0.376
BHR,Bahrain,2015,exchange_rate,0.376
BGD,Bangladesh,2025,exchange_rate,121.920836605034
BGD,Bangladesh,2024,exchange_rate,115.603653796648
BGD,Bangladesh,2023,exchange_rate,106.309484297483
BGD,Bangladesh,2022,exchange_rate,91.7454544396961
BGD,Bangladesh,2021,exchange_rate,85.08376325
BGD,Bangladesh,2020,exchange_rate,84.8713916666667
BGD,Bangladesh,2019,exchange_rate,84.4535225
BGD,Bangladesh,2018,exchange_rate,83.4662019166666
BGD,Bangladesh,2017,exchange_rate,80.4375416666667
BGD,Bangladesh,2016,exchange_rate,78.4680916666667
BGD,Bangladesh,2015,exchange_rate,77.9469083333333
BRB,Barbados,2025,exchange_rate,2.0
BRB,Barbados,2024,exchange_rate,2.0
BRB,Barbados,2023,exchange_rate,2.0
BRB,Barbados,2022,exchange_rate,2.0
BRB,Barbados,2021,exchange_rate,2.0
BRB,Barbados,2020,exchange_rate,2.0
BRB,Barbados,2019,exchange_rate,2.0
BRB,Barbados,2018,exchange_rate,2.0
BRB,Barbados,2017,exchange_rate,2.0
BRB,Barbados,2016,exchange_rate,2.0
BRB,Barbados,2015,exchange_rate,2.0
BLR,Belarus,2025,exchange_rate,3.069175
BLR,Belarus,2024,exchange_rate,3.24619166666667
BLR,Belarus,2023,exchange_rate,3.00735
BLR,Belarus,2022,exchange_rate,2.6261
BLR,Belarus,2021,exchange_rate,2.538675
BLR,Belarus,2020,exchange_rate,2.439575
BLR,Belarus,2019,exchange_rate,2.09178333333333
BLR,Belarus,2018,exchange_rate,2.03760833333333
BLR,Belarus,2017,exchange_rate,1.93234166666667
BLR,Belarus,2016,exchange_rate,1.98956283333333
BLR,Belarus,2015,exchange_rate,1.59259883333333
BEL,Belgium,2025,exchange_rate,0.88496895841236
BEL,Belgium,2024,exchange_rate,0.923889546117607
BEL,Belgium,2023,exchange_rate,0.924839558470698
BEL,Belgium,2022,exchange_rate,0.949623753156941
BEL,Belgium,2021,exchange_rate,0.84549413889045
BEL,Belgium,2020,exchange_rate,0.875506396987998
BEL,Belgium,2019,exchange_rate,0.893276257067409
BEL,Belgium,2018,exchange_rate,0.846772667108111
BEL,Belgium,2017,exchange_rate,0.885205508269372
BEL,Belgium,2016,exchange_rate,0.903421436257263
BEL,Belgium,2015,exchange_rate,0.901296423367096
BLZ,Belize,2025,exchange_rate,2.0
BLZ,Belize,2024,exchange_rate,2.0
BLZ,Belize,2023,exchange_rate,2.0
BLZ,Belize,2022,exchange_rate,2.0
BLZ,Belize,2021,exchange_rate,2.0
BLZ,Belize,2020,exchange_rate,2.0
BLZ,Belize,2019,exchange_rate,2.0
BLZ,Belize,2018,exchange_rate,2.0
BLZ,Belize,2017,exchange_rate,2.0
BLZ,Belize,2016,exchange_rate,2.0
BLZ,Belize,2015,exchange_rate,2.0
BEN,Benin,2025,exchange_rate,581.92848104034
BEN,Benin,2024,exchange_rate,606.345297609063
BEN,Benin,2023,exchange_rate,606.654982255763
BEN,Benin,2022,exchange_rate,622.912348249567
BEN,Benin,2021,exchange_rate,554.607798864163
BEN,Benin,2020,exchange_rate,574.294549649056
BEN,Benin,2019,exchange_rate,585.950813757166
BEN,Benin,2018,exchange_rate,555.446458398235
BEN,Benin,2017,exchange_rate,580.656749587853
BEN,Benin,2016,exchange_rate,592.605615063006
BEN,Benin,2015,exchange_rate,591.21169798261
BMU,Bermuda,2025,exchange_rate,1.0
BMU,Bermuda,2024,exchange_rate,1.0
BMU,Bermuda,2023,exchange_rate,1.0
BMU,Bermuda,2022,exchange_rate,1.0
BMU,Bermuda,2021,exchange_rate,1.0
BMU,Bermuda,2020,exchange_rate,1.0
BMU,Bermuda,2019,exchange_rate,1.0
BMU,Bermuda,2018,exchange_rate,1.0
BMU,Bermuda,2017,exchange_rate,1.0
BMU,Bermuda,2016,exchange_rate,1.0
BMU,Bermuda,2015,exchange_rate,1.0
BTN,Bhutan,2025,exchange_rate,87.1584483507393
BTN,Bhutan,2024,exchange_rate,83.669281580941
BTN,Bhutan,2023,exchange_rate,82.5992764460784
BTN,Bhutan,2022,exchange_rate,78.6044905829916
BTN,Bhutan,2021,exchange_rate,73.9180128154351
BTN,Bhutan,2020,exchange_rate,74.0995668836052
BTN,Bhutan,2019,exchange_rate,70.4203405359551
BTN,Bhutan,2018,exchange_rate,68.3894670935422
BTN,Bhutan,2017,exchange_rate,65.1215686450659
BTN,Bhutan,2016,exchange_rate,67.1953128073894
BTN,Bhutan,2015,exchange_rate,64.1519444632786
BOL,Bolivia,2025,exchange_rate,6.91
BOL,Bolivia,2024,exchange_rate,6.91
BOL,Bolivia,2023,exchange_rate,6.91
BOL,Bolivia,2022,exchange_rate,6.91
BOL,Bolivia,2021,exchange_rate,6.91
BOL,Bolivia,2020,exchange_rate,6.91
BOL,Bolivia,2019,exchange_rate,6.91
BOL,Bolivia,2018,exchange_rate,6.91
BOL,Bolivia,2017,exchange_rate,6.91
BOL,Bolivia,2016,exchange_rate,6.91
BOL,Bolivia,2015,exchange_rate,6.91
BIH,Bosnia and Herzegovina,2025,exchange_rate,1.73592901689708
BIH,Bosnia and Herzegovina,2024,exchange_rate,1.80756356165183
BIH,Bosnia and Herzegovina,2023,exchange_rate,1.80920280030082
BIH,Bosnia and Herzegovina,2022,exchange_rate,1.85932587706093
BIH,Bosnia and Herzegovina,2021,exchange_rate,1.65360615435868
BIH,Bosnia and Herzegovina,2020,exchange_rate,1.71697049519219
BIH,Bosnia and Herzegovina,2019,exchange_rate,1.74708646136073
BIH,Bosnia and Herzegovina,2018,exchange_rate,1.65698544113543
BIH,Bosnia and Herzegovina,2017,exchange_rate,1.73535271327691
BIH,Bosnia and Herzegovina,2016,exchange_rate,1.76813902429915
BIH,Bosnia and Herzegovina,2015,exchange_rate,1.76349164694686
BWA,Botswana,2025,exchange_rate,13.5023833333333
BWA,Botswana,2024,exchange_rate,13.5631333333333
BWA,Botswana,2023,exchange_rate,13.5963833333333
BWA,Botswana,2022,exchange_rate,12.3688083333333
BWA,Botswana,2021,exchange_rate,11.0872583333333
BWA,Botswana,2020,exchange_rate,11.4562416666667
BWA,Botswana,2019,exchange_rate,10.7558666666667
BWA,Botswana,2018,exchange_rate,10.199975
BWA,Botswana,2017,exchange_rate,10.3474166666667
BWA,Botswana,2016,exchange_rate,10.9011583333333
BWA,Botswana,2015,exchange_rate,10.1289916666667
BRA,Brazil,2025,exchange_rate,5.58728623856661
BRA,Brazil,2024,exchange_rate,5.3889349057096
BRA,Brazil,2023,exchange_rate,4.99437976287199
BRA,Brazil,2022,exchange_rate,5.16397029102111
BRA,Brazil,2021,exchange_rate,5.39440078962503
BRA,Brazil,2020,exchange_rate,5.15517878751281
BRA,Brazil,2019,exchange_rate,3.9444710972507
BRA,Brazil,2018,exchange_rate,3.65382536145755
BRA,Brazil,2017,exchange_rate,3.19138944630048
BRA,Brazil,2016,exchange_rate,3.49131342157271
BRA,Brazil,2015,exchange_rate,3.32690438276879
VGB,British Virgin Islands,2025,exchange_rate,
VGB,British Virgin Islands,2024,exchange_rate,
VGB,British Virgin Islands,2023,exchange_rate,
VGB,British Virgin Islands,2022,exchange_rate,
VGB,British Virgin Islands,2021,exchange_rate,
VGB,British Virgin Islands,2020,exchange_rate,
VGB,British Virgin Islands,2019,exchange_rate,
VGB,British Virgin Islands,2018,exchange_rate,
VGB,British Virgin Islands,2017,exchange_rate,
VGB,British Virgin Islands,2016,exchange_rate,
VGB,British Virgin Islands,2015,exchange_rate,
BRN,Brunei Darussalam,2025,exchange_rate,1.307595108858
BRN,Brunei Darussalam,2024,exchange_rate,1.33603327650724
BRN,Brunei Darussalam,2023,exchange_rate,1.34307960114934
BRN,Brunei Darussalam,2022,exchange_rate,1.37895639652216
BRN,Brunei Darussalam,2021,exchange_rate,1.34380696297339
BRN,Brunei Darussalam,2020,exchange_rate,1.37970342971399
BRN,Brunei Darussalam,2019,exchange_rate,1.36421851405475
BRN,Brunei Darussalam,2018,exchange_rate,1.34891856542537
BRN,Brunei Darussalam,2017,exchange_rate,1.38089116405281
BRN,Brunei Darussalam,2016,exchange_rate,1.38134687688286
BRN,Brunei Darussalam,2015,exchange_rate,1.37491084459887
BGR,Bulgaria,2025,exchange_rate,1.73519166666667
BGR,Bulgaria,2024,exchange_rate,1.80784166666667
BGR,Bulgaria,2023,exchange_rate,1.80896666666667
BGR,Bulgaria,2022,exchange_rate,1.86014166666667
BGR,Bulgaria,2021,exchange_rate,1.653775
BGR,Bulgaria,2020,exchange_rate,1.71633333333333
BGR,Bulgaria,2019,exchange_rate,1.74704166666667
BGR,Bulgaria,2018,exchange_rate,1.65704166666667
BGR,Bulgaria,2017,exchange_rate,1.73545833333333
BGR,Bulgaria,2016,exchange_rate,1.76804166666667
BGR,Bulgaria,2015,exchange_rate,1.7644
BFA,Burkina Faso,2025,exchange_rate,581.92848104034
BFA,Burkina Faso,2024,exchange_rate,606.345297609063
BFA,Burkina Faso,2023,exchange_rate,606.569750165917
BFA,Burkina Faso,2022,exchange_rate,623.759700911182
BFA,Burkina Faso,2021,exchange_rate,554.530675033104
BFA,Burkina Faso,2020,exchange_rate,575.586004510945
BFA,Burkina Faso,2019,exchange_rate,585.911013180369
BFA,Burkina Faso,2018,exchange_rate,555.446458398226
BFA,Burkina Faso,2017,exchange_rate,580.656749587858
BFA,Burkina Faso,2016,exchange_rate,592.605615063022
BFA,Burkina Faso,2015,exchange_rate,591.21169798261
BDI,Burundi,2025,exchange_rate,2943.1375
BDI,Burundi,2024,exchange_rate,2885.24549799567
BDI,Burundi,2023,exchange_rate,2574.05174879329
BDI,Burundi,2022,exchange_rate,2034.30663430472
BDI,Burundi,2021,exchange_rate,1975.95088138768
BDI,Burundi,2020,exchange_rate,1915.04617583333
BDI,Burundi,2019,exchange_rate,1845.62289069697
BDI,Burundi,2018,exchange_rate,1782.876875
BDI,Burundi,2017,exchange_rate,1729.055
BDI,Burundi,2016,exchange_rate,1654.62666666667
BDI,Burundi,2015,exchange_rate,1571.89833333333
CPV,Cabo Verde,2025,exchange_rate,97.8631517010164
CPV,Cabo Verde,2024,exchange_rate,101.922010798199
CPV,Cabo Verde,2023,exchange_rate,101.804812544702
CPV,Cabo Verde,2022,exchange_rate,104.863065846367
CPV,Cabo Verde,2021,exchange_rate,93.2180924116109
CPV,Cabo Verde,2020,exchange_rate,96.7957427869885
CPV,Cabo Verde,2019,exchange_rate,98.4951785878976
CPV,Cabo Verde,2018,exchange_rate,93.4135789085279
CPV,Cabo Verde,2017,exchange_rate,97.8069377715121
CPV,Cabo Verde,2016,exchange_rate,99.6881136363636
CPV,Cabo Verde,2015,exchange_rate,99.3856935425685
KHM,Cambodia,2025,exchange_rate,4013.43310400666
KHM,Cambodia,2024,exchange_rate,4072.39723921642
KHM,Cambodia,2023,exchange_rate,4110.65274641577
KHM,Cambodia,2022,exchange_rate,4102.03786482335
KHM,Cambodia,2021,exchange_rate,4098.72279505888
KHM,Cambodia,2020,exchange_rate,4092.78321900878
KHM,Cambodia,2019,exchange_rate,4061.14896313364
KHM,Cambodia,2018,exchange_rate,4051.16690028162
KHM,Cambodia,2017,exchange_rate,4050.5799859191
KHM,Cambodia,2016,exchange_rate,4058.69457885305
KHM,Cambodia,2015,exchange_rate,4067.75
CMR,Cameroon,2025,exchange_rate,581.92848104034
CMR,Cameroon,2024,exchange_rate,606.345297609063
CMR,Cameroon,2023,exchange_rate,606.569750165917
CMR,Cameroon,2022,exchange_rate,623.759700911182
CMR,Cameroon,2021,exchange_rate,554.530675033104
CMR,Cameroon,2020,exchange_rate,575.586004510945
CMR,Cameroon,2019,exchange_rate,585.911013180369
CMR,Cameroon,2018,exchange_rate,555.446458398226
CMR,Cameroon,2017,exchange_rate,580.656749587858
CMR,Cameroon,2016,exchange_rate,592.605615063022
CMR,Cameroon,2015,exchange_rate,591.21169798261
CAN,Canada,2025,exchange_rate,1.39810565893901
CAN,Canada,2024,exchange_rate,1.36935976604092
CAN,Canada,2023,exchange_rate,1.3499086407939
CAN,Canada,2022,exchange_rate,1.30155477474355
CAN,Canada,2021,exchange_rate,1.2538769021268
CAN,Canada,2020,exchange_rate,1.34115267222386
CAN,Canada,2019,exchange_rate,1.32679336266012
CAN,Canada,2018,exchange_rate,1.29581792813534
CAN,Canada,2017,exchange_rate,1.29793584646039
CAN,Canada,2016,exchange_rate,1.3256151637482
CAN,Canada,2015,exchange_rate,1.27878620362554
CYM,Cayman Islands,2025,exchange_rate,0.83333
CYM,Cayman Islands,2024,exchange_rate,0.83333
CYM,Cayman Islands,2023,exchange_rate,0.83333
CYM,Cayman Islands,2022,exchange_rate,0.83333
CYM,Cayman Islands,2021,exchange_rate,0.83333
CYM,Cayman Islands,2020,exchange_rate,0.83333
CYM,Cayman Islands,2019,exchange_rate,0.83333
CYM,Cayman Islands,2018,exchange_rate,0.83333
CYM,Cayman Islands,2017,exchange_rate,0.83333
CYM,Cayman Islands,2016,exchange_rate,0.83333
CYM,Cayman Islands,2015,exchange_rate,0.83333
CAF,Central African Republic,2025,exchange_rate,581.92848104034
CAF,Central African Republic,2024,exchange_rate,606.345297609063
CAF,Central African Republic,2023,exchange_rate,606.569750165917
CAF,Central African Republic,2022,exchange_rate,623.759700911182
CAF,Central African Republic,2021,exchange_rate,554.530675033104
CAF,Central African Republic,2020,exchange_rate,575.586004510945
CAF,Central African Republic,2019,exchange_rate,585.911013180369
CAF,Central African Republic,2018,exchange_rate,555.446458398226
CAF,Central African Republic,2017,exchange_rate,580.656749587858
CAF,Central African Republic,2016,exchange_rate,592.605615063022
CAF,Central African Republic,2015,exchange_rate,591.21169798261
TCD,Chad,2025,exchange_rate,581.92848104034
TCD,Chad,2024,exchange_rate,606.345297609063
TCD,Chad,2023,exchange_rate,606.569750165917
TCD,Chad,2022,exchange_rate,623.759700911182
TCD,Chad,2021,exchange_rate,554.530675033104
TCD,Chad,2020,exchange_rate,575.586004510945
TCD,Chad,2019,exchange_rate,585.911013180369
TCD,Chad,2018,exchange_rate,555.446458398226
TCD,Chad,2017,exchange_rate,580.656749587858
TCD,Chad,2016,exchange_rate,592.605615063022
TCD,Chad,2015,exchange_rate,591.21169798261
CHI,Channel Islands,2025,exchange_rate,0.759473957338607
CHI,Channel Islands,2024,exchange_rate,0.782414580986262
CHI,Channel Islands,2023,exchange_rate,0.804538906734353
CHI,Channel Islands,2022,exchange_rate,0.811301715827773
CHI,Channel Islands,2021,exchange_rate,0.727064944688323
CHI,Channel Islands,2020,exchange_rate,0.779999576697153
CHI,Channel Islands,2019,exchange_rate,0.783445110011929
CHI,Channel Islands,2018,exchange_rate,0.749531540259847
CHI,Channel Islands,2017,exchange_rate,0.776976682344123
CHI,Channel Islands,2016,exchange_rate,0.740634463697084
CHI,Channel Islands,2015,exchange_rate,0.654545478931426
CHL,Chile,2025,exchange_rate,951.329454191033
CHL,Chile,2024,exchange_rate,943.572167421488
CHL,Chile,2023,exchange_rate,840.066526651499
CHL,Chile,2022,exchange_rate,873.314189543014
CHL,Chile,2021,exchange_rate,758.955378658977
CHL,Chile,2020,exchange_rate,792.727206103169
CHL,Chile,2019,exchange_rate,702.897422561529
CHL,Chile,2018,exchange_rate,641.276813066395
CHL,Chile,2017,exchange_rate,648.833792598261
CHL,Chile,2016,exchange_rate,676.957736044657
CHL,Chile,2015,exchange_rate,654.124084254196
CHN,China,2025,exchange_rate,7.18984737402171
CHN,China,2024,exchange_rate,7.19749110789917
CHN,China,2023,exchange_rate,7.08399842343631
CHN,China,2022,exchange_rate,6.73715811237119
CHN,China,2021,exchange_rate,6.44897518024316
CHN,China,2020,exchange_rate,6.90076726944925
CHN,China,2019,exchange_rate,6.90838500992901
CHN,China,2018,exchange_rate,6.61595717735439
CHN,China,2017,exchange_rate,6.75875508633597
CHN,China,2016,exchange_rate,6.6444778294468
CHN,China,2015,exchange_rate,6.22748867298455
COL,Colombia,2025,exchange_rate,4053.13583333333
COL,Colombia,2024,exchange_rate,4074.43416666667
COL,Colombia,2023,exchange_rate,4325.955
COL,Colombia,2022,exchange_rate,4256.19416666667
COL,Colombia,2021,exchange_rate,3744.24416666667
COL,Colombia,2020,exchange_rate,3693.27583333333
COL,Colombia,2019,exchange_rate,3281.62219381788
COL,Colombia,2018,exchange_rate,2955.70396997842
COL,Colombia,2017,exchange_rate,2951.48691120161
COL,Colombia,2016,exchange_rate,3055.255
COL,Colombia,2015,exchange_rate,2741.78166666667
COM,Comoros,2025,exchange_rate,435.376187289973
COM,Comoros,2024,exchange_rate,454.523861252
COM,Comoros,2023,exchange_rate,454.991236691823
COM,Comoros,2022,exchange_rate,467.184261187176
COM,Comoros,2021,exchange_rate,415.955849148122
COM,Comoros,2020,exchange_rate,430.720912236792
COM,Comoros,2019,exchange_rate,439.463110317875
COM,Comoros,2018,exchange_rate,416.584843798676
COM,Comoros,2017,exchange_rate,435.492562190889
COM,Comoros,2016,exchange_rate,444.454211297254
COM,Comoros,2015,exchange_rate,443.408773486957
COD,"Congo, Dem. Rep.",2025,exchange_rate,2693.24060103248
COD,"Congo, Dem. Rep.",2024,exchange_rate,
COD,"Congo, Dem. Rep.",2023,exchange_rate,2340.03570436145
COD,"Congo, Dem. Rep.",2022,exchange_rate,2006.70821944055
COD,"Congo, Dem. Rep.",2021,exchange_rate,1989.39147122828
COD,"Congo, Dem. Rep.",2020,exchange_rate,1851.12216183261
COD,"Congo, Dem. Rep.",2019,exchange_rate,1647.76012727639
COD,"Congo, Dem. Rep.",2018,exchange_rate,1622.52350162292
COD,"Congo, Dem. Rep.",2017,exchange_rate,1464.41793163743
COD,"Congo, Dem. Rep.",2016,exchange_rate,1010.30275716866
COD,"Congo, Dem. Rep.",2015,exchange_rate,925.984961280393
COG,"Congo, Rep.",2025,exchange_rate,581.92848104034
COG,"Congo, Rep.",2024,exchange_rate,606.345297609063
COG,"Congo, Rep.",2023,exchange_rate,606.569750165917
COG,"Congo, Rep.",2022,exchange_rate,623.759700911182
COG,"Congo, Rep.",2021,exchange_rate,554.530675033104
COG,"Congo, Rep.",2020,exchange_rate,575.586004510945
COG,"Congo, Rep.",2019,exchange_rate,585.911013180369
COG,"Congo, Rep.",2018,exchange_rate,555.446458398226
COG,"Congo, Rep.",2017,exchange_rate,580.656749587858
COG,"Congo, Rep.",2016,exchange_rate,592.605615063022
COG,"Congo, Rep.",2015,exchange_rate,591.21169798261
CRI,Costa Rica,2025,exchange_rate,503.496832373272
CRI,Costa Rica,2024,exchange_rate,515.109771921403
CRI,Costa Rica,2023,exchange_rate,544.050775505632
CRI,Costa Rica,2022,exchange_rate,647.135817631363
CRI,Costa Rica,2021,exchange_rate,620.784720014081
CRI,Costa Rica,2020,exchange_rate,584.900854962304
CRI,Costa Rica,2019,exchange_rate,587.294595686124
CRI,Costa Rica,2018,exchange_rate,576.97250124808
CRI,Costa Rica,2017,exchange_rate,567.51309030978
CRI,Costa Rica,2016,exchange_rate,544.73936722902
CRI,Costa Rica,2015,exchange_rate,534.565769969278
CIV,Cote d'Ivoire,2025,exchange_rate,581.92848104034
CIV,Cote d'Ivoire,2024,exchange_rate,606.345297609063
CIV,Cote d'Ivoire,2023,exchange_rate,606.569750165917
CIV,Cote d'Ivoire,2022,exchange_rate,623.759700911182
CIV,Cote d'Ivoire,2021,exchange_rate,554.530675033104
CIV,Cote d'Ivoire,2020,exchange_rate,575.586004510945
CIV,Cote d'Ivoire,2019,exchange_rate,585.911013180369
CIV,Cote d'Ivoire,2018,exchange_rate,555.446458398226
CIV,Cote d'Ivoire,2017,exchange_rate,580.656749587858
CIV,Cote d'Ivoire,2016,exchange_rate,592.605615063022
CIV,Cote d'Ivoire,2015,exchange_rate,591.21169798261
HRV,Croatia,2025,exchange_rate,0.88496895841236
HRV,Croatia,2024,exchange_rate,0.923889546117607
HRV,Croatia,2023,exchange_rate,0.924839558470698
HRV,Croatia,2022,exchange_rate,7.1597415
HRV,Croatia,2021,exchange_rate,6.36008316666667
HRV,Croatia,2020,exchange_rate,6.6140555
HRV,Croatia,2019,exchange_rate,6.62254516666667
HRV,Croatia,2018,exchange_rate,6.27902525
HRV,Croatia,2017,exchange_rate,6.623831
HRV,Croatia,2016,exchange_rate,6.80599016666667
HRV,Croatia,2015,exchange_rate,6.85830375
CUB,Cuba,2025,exchange_rate,
CUB,Cuba,2024,exchange_rate,
CUB,Cuba,2023,exchange_rate,
CUB,Cuba,2022,exchange_rate,
CUB,Cuba,2021,exchange_rate,
CUB,Cuba,2020,exchange_rate,
CUB,Cuba,2019,exchange_rate,
CUB,Cuba,2018,exchange_rate,
CUB,Cuba,2017,exchange_rate,
CUB,Cuba,2016,exchange_rate,
CUB,Cuba,2015,exchange_rate,
CUW,Curacao,2025,exchange_rate,1.79
CUW,Curacao,2024,exchange_rate,1.79
CUW,Curacao,2023,exchange_rate,1.79
CUW,Curacao,2022,exchange_rate,1.79
CUW,Curacao,2021,exchange_rate,1.79
CUW,Curacao,2020,exchange_rate,1.79
CUW,Curacao,2019,exchange_rate,1.79
CUW,Curacao,2018,exchange_rate,1.79
CUW,Curacao,2017,exchange_rate,1.79
CUW,Curacao,2016,exchange_rate,1.79
CUW,Curacao,2015,exchange_rate,1.79
CYP,Cyprus,2025,exchange_rate,0.88496895841236
CYP,Cyprus,2024,exchange_rate,0.923889546117607
CYP,Cyprus,2023,exchange_rate,0.924839558470698
CYP,Cyprus,2022,exchange_rate,0.949623753156941
CYP,Cyprus,2021,exchange_rate,0.84549413889045
CYP,Cyprus,2020,exchange_rate,0.875506396987998
CYP,Cyprus,2019,exchange_rate,0.893276257067409
CYP,Cyprus,2018,exchange_rate,0.846772667108111
CYP,Cyprus,2017,exchange_rate,0.885205508269372
CYP,Cyprus,2016,exchange_rate,0.903421436257263
CYP,Cyprus,2015,exchange_rate,0.901296423367096
CZE,Czechia,2025,exchange_rate,21.882
CZE,Czechia,2024,exchange_rate,23.2168333333333
CZE,Czechia,2023,exchange_rate,22.1980833333333
CZE,Czechia,2022,exchange_rate,23.357
CZE,Czechia,2021,exchange_rate,21.6781666666667
CZE,Czechia,2020,exchange_rate,23.21025
CZE,Czechia,2019,exchange_rate,22.93225
CZE,Czechia,2018,exchange_rate,21.7299166666667
CZE,Czechia,2017,exchange_rate,23.3763333333333
CZE,Czechia,2016,exchange_rate,24.4399166666667
CZE,Czechia,2015,exchange_rate,24.59875
DNK,Denmark,2025,exchange_rate,6.62182508333333
DNK,Denmark,2024,exchange_rate,6.89448141666666
DNK,Denmark,2023,exchange_rate,6.88970258583334
DNK,Denmark,2022,exchange_rate,7.0761518625
DNK,Denmark,2021,exchange_rate,6.2871130825
DNK,Denmark,2020,exchange_rate,6.54215220416667
DNK,Denmark,2019,exchange_rate,6.669446615
DNK,Denmark,2018,exchange_rate,6.31461878666667
DNK,Denmark,2017,exchange_rate,6.60289346561404
DNK,Denmark,2016,exchange_rate,6.73171825724638
DNK,Denmark,2015,exchange_rate,6.72790683129629
DJI,Djibouti,2025,exchange_rate,177.721
DJI,Djibouti,2024,exchange_rate,177.721
DJI,Djibouti,2023,exchange_rate,177.721
DJI,Djibouti,2022,exchange_rate,177.721
DJI,Djibouti,2021,exchange_rate,177.721
DJI,Djibouti,2020,exchange_rate,177.721
DJI,Djibouti,2019,exchange_rate,177.721
DJI,Djibouti,2018,exchange_rate,177.721
DJI,Djibouti,2017,exchange_rate,177.721
DJI,Djibouti,2016,exchange_rate,177.721
DJI,Djibouti,2015,exchange_rate,177.721
DMA,Dominica,2025,exchange_rate,2.7
DMA,Dominica,2024,exchange_rate,2.7
DMA,Dominica,2023,exchange_rate,2.7
DMA,Dominica,2022,exchange_rate,2.7
DMA,Dominica,2021,exchange_rate,2.7
DMA,Dominica,2020,exchange_rate,2.7
DMA,Dominica,2019,exchange_rate,2.7
DMA,Dominica,2018,exchange_rate,2.7
DMA,Dominica,2017,exchange_rate,2.7
DMA,Dominica,2016,exchange_rate,2.7
DMA,Dominica,2015,exchange_rate,2.7
DOM,Dominican Republic,2025,exchange_rate,61.9865666666667
DOM,Dominican Republic,2024,exchange_rate,59.5651333333333
DOM,Dominican Republic,2023,exchange_rate,56.1576
DOM,Dominican Republic,2022,exchange_rate,55.1409916666667
DOM,Dominican Republic,2021,exchange_rate,57.2211166666667
DOM,Dominican Republic,2020,exchange_rate,56.5245333333334
DOM,Dominican Republic,2019,exchange_rate,51.2948583333333
DOM,Dominican Republic,2018,exchange_rate,49.5099928571429
DOM,Dominican Republic,2017,exchange_rate,47.5343581962482
DOM,Dominican Republic,2016,exchange_rate,46.0644439393939
DOM,Dominican Republic,2015,exchange_rate,45.0454990740741
ECU,Ecuador,2025,exchange_rate,1.0
ECU,Ecuador,2024,exchange_rate,1.0
ECU,Ecuador,2023,exchange_rate,1.0
ECU,Ecuador,2022,exchange_rate,1.0
ECU,Ecuador,2021,exchange_rate,1.0
ECU,Ecuador,2020,exchange_rate,1.0
ECU,Ecuador,2019,exchange_rate,1.0
ECU,Ecuador,2018,exchange_rate,1.0
ECU,Ecuador,2017,exchange_rate,1.0
ECU,Ecuador,2016,exchange_rate,1.0
ECU,Ecuador,2015,exchange_rate,1.0
EGY,"Egypt, Arab Rep.",2025,exchange_rate,49.2277558333333
EGY,"Egypt, Arab Rep.",2024,exchange_rate,45.29926
EGY,"Egypt, Arab Rep.",2023,exchange_rate,30.6264136980311
EGY,"Egypt, Arab Rep.",2022,exchange_rate,19.1604397412204
EGY,"Egypt, Arab Rep.",2021,exchange_rate,15.6445272777113
EGY,"Egypt, Arab Rep.",2020,exchange_rate,15.7591729166667
EGY,"Egypt, Arab Rep.",2019,exchange_rate,16.7705818428763
EGY,"Egypt, Arab Rep.",2018,exchange_rate,17.7672904218107
EGY,"Egypt, Arab Rep.",2017,exchange_rate,17.7825335150636
EGY,"Egypt, Arab Rep.",2016,exchange_rate,10.0254007885465
EGY,"Egypt, Arab Rep.",2015,exchange_rate,7.69125833333333
SLV,El Salvador,2025,exchange_rate,1.0
SLV,El Salvador,2024,exchange_rate,1.0
SLV,El Salvador,2023,exchange_rate,1.0
SLV,El Salvador,2022,exchange_rate,1.0
SLV,El Salvador,2021,exchange_rate,1.0
SLV,El Salvador,2020,exchange_rate,1.0
SLV,El Salvador,2019,exchange_rate,1.0
SLV,El Salvador,2018,exchange_rate,1.0
SLV,El Salvador,2017,exchange_rate,1.0
SLV,El Salvador,2016,exchange_rate,1.0
SLV,El Salvador,2015,exchange_rate,1.0
GNQ,Equatorial Guinea,2025,exchange_rate,581.92848104034
GNQ,Equatorial Guinea,2024,exchange_rate,606.345297609063
GNQ,Equatorial Guinea,2023,exchange_rate,606.569750165917
GNQ,Equatorial Guinea,2022,exchange_rate,623.759700911182
GNQ,Equatorial Guinea,2021,exchange_rate,554.530675033104
GNQ,Equatorial Guinea,2020,exchange_rate,575.586004510945
GNQ,Equatorial Guinea,2019,exchange_rate,585.911013180369
GNQ,Equatorial Guinea,2018,exchange_rate,555.446458398226
GNQ,Equatorial Guinea,2017,exchange_rate,580.656749587858
GNQ,Equatorial Guinea,2016,exchange_rate,592.605615063022
GNQ,Equatorial Guinea,2015,exchange_rate,591.21169798261
ERI,Eritrea,2025,exchange_rate,15.075
ERI,Eritrea,2024,exchange_rate,15.075
ERI,Eritrea,2023,exchange_rate,15.075
ERI,Eritrea,2022,exchange_rate,15.075
ERI,Eritrea,2021,exchange_rate,15.075
ERI,Eritrea,2020,exchange_rate,15.075
ERI,Eritrea,2019,exchange_rate,15.075
ERI,Eritrea,2018,exchange_rate,15.075
ERI,Eritrea,2017,exchange_rate,15.075
ERI,Eritrea,2016,exchange_rate,15.35
ERI,Eritrea,2015,exchange_rate,15.375
EST,Estonia,2025,exchange_rate,0.88496895841236
EST,Estonia,2024,exchange_rate,0.923889546117607
EST,Estonia,2023,exchange_rate,0.924839558470698
EST,Estonia,2022,exchange_rate,0.949623753156941
EST,Estonia,2021,exchange_rate,0.84549413889045
EST,Estonia,2020,exchange_rate,0.875506396987998
EST,Estonia,2019,exchange_rate,0.893276257067409
EST,Estonia,2018,exchange_rate,0.846772667108111
EST,Estonia,2017,exchange_rate,0.885205508269372
EST,Estonia,2016,exchange_rate,0.903421436257263
EST,Estonia,2015,exchange_rate,0.901296423367096
SWZ,Eswatini,2025,exchange_rate,17.8889209208377
SWZ,Eswatini,2024,exchange_rate,18.3176868310856
SWZ,Eswatini,2023,exchange_rate,18.4535924917449
SWZ,Eswatini,2022,exchange_rate,16.3622830559282
SWZ,Eswatini,2021,exchange_rate,14.7834351395784
SWZ,Eswatini,2020,exchange_rate,16.4702558654325
SWZ,Eswatini,2019,exchange_rate,14.4517892288824
SWZ,Eswatini,2018,exchange_rate,13.2339264715833
SWZ,Eswatini,2017,exchange_rate,13.3238014244992
SWZ,Eswatini,2016,exchange_rate,14.7096108855267
SWZ,Eswatini,2015,exchange_rate,12.7589308811644
ETH,Ethiopia,2025,exchange_rate,
ETH,Ethiopia,2024,exchange_rate,82.6013363504764
ETH,Ethiopia,2023,exchange_rate,54.6009480676569
ETH,Ethiopia,2022,exchange_rate,51.7562150334169
ETH,Ethiopia,2021,exchange_rate,43.73377831884
ETH,Ethiopia,2020,exchange_rate,34.9271654040404
ETH,Ethiopia,2019,exchange_rate,29.06975
ETH,Ethiopia,2018,exchange_rate,27.4293865941667
ETH,Ethiopia,2017,exchange_rate,23.8661044574125
ETH,Ethiopia,2016,exchange_rate,21.7315472222222
ETH,Ethiopia,2015,exchange_rate,20.57684875
FRO,Faroe Islands,2025,exchange_rate,6.62182508333333
FRO,Faroe Islands,2024,exchange_rate,6.89448141666666
FRO,Faroe Islands,2023,exchange_rate,6.88970258583334
FRO,Faroe Islands,2022,exchange_rate,7.0761518625
FRO,Faroe Islands,2021,exchange_rate,6.2871130825
FRO,Faroe Islands,2020,exchange_rate,6.54215220416667
FRO,Faroe Islands,2019,exchange_rate,6.669446615
FRO,Faroe Islands,2018,exchange_rate,6.31461878666667
FRO,Faroe Islands,2017,exchange_rate,6.60289346561404
FRO,Faroe Islands,2016,exchange_rate,6.73171825724638
FRO,Faroe Islands,2015,exchange_rate,6.72790683129629
FJI,Fiji,2025,exchange_rate,2.29903333333333
FJI,Fiji,2024,exchange_rate,2.2683
FJI,Fiji,2023,exchange_rate,2.250125
FJI,Fiji,2022,exchange_rate,2.2014069869585
FJI,Fiji,2021,exchange_rate,2.07063333333333
FJI,Fiji,2020,exchange_rate,2.16880492424242
FJI,Fiji,2019,exchange_rate,2.16039311531464
FJI,Fiji,2018,exchange_rate,2.08737978924997
FJI,Fiji,2017,exchange_rate,2.06687530381454
FJI,Fiji,2016,exchange_rate,2.09469593918508
FJI,Fiji,2015,exchange_rate,2.09762981633101
FIN,Finland,2025,exchange_rate,0.88496895841236
FIN,Finland,2024,exchange_rate,0.923889546117607
FIN,Finland,2023,exchange_rate,0.924839558470698
FIN,Finland,2022,exchange_rate,0.949623753156941
FIN,Finland,2021,exchange_rate,0.84549413889045
FIN,Finland,2020,exchange_rate,0.875506396987998
FIN,Finland,2019,exchange_rate,0.893276257067409
FIN,Finland,2018,exchange_rate,0.846772667108111
FIN,Finland,2017,exchange_rate,0.885205508269372
FIN,Finland,2016,exchange_rate,0.903421436257263
FIN,Finland,2015,exchange_rate,0.901296423367096
FRA,France,2025,exchange_rate,0.88496895841236
FRA,France,2024,exchange_rate,0.923889546117607
FRA,France,2023,exchange_rate,0.924839558470698
FRA,France,2022,exchange_rate,0.949623753156941
FRA,France,2021,exchange_rate,0.84549413889045
FRA,France,2020,exchange_rate,0.875506396987998
FRA,France,2019,exchange_rate,0.893276257067409
FRA,France,2018,exchange_rate,0.846772667108111
FRA,France,2017,exchange_rate,0.885205508269372
FRA,France,2016,exchange_rate,0.903421436257263
FRA,France,2015,exchange_rate,0.901296423367096
PYF,French Polynesia,2025,exchange_rate,105.864431541948
PYF,French Polynesia,2024,exchange_rate,110.306338907421
PYF,French Polynesia,2023,exchange_rate,110.34717131744
PYF,French Polynesia,2022,exchange_rate,113.474367224106
PYF,French Polynesia,2021,exchange_rate,100.880222566186
PYF,French Polynesia,2020,exchange_rate,104.710608186968
PYF,French Polynesia,2019,exchange_rate,106.588933804405
PYF,French Polynesia,2018,exchange_rate,101.046821879543
PYF,French Polynesia,2017,exchange_rate,105.633078151149
PYF,French Polynesia,2016,exchange_rate,107.806815805024
PYF,French Polynesia,2015,exchange_rate,107.553234404315
GAB,Gabon,2025,exchange_rate,581.92848104034
GAB,Gabon,2024,exchange_rate,606.345297609063
GAB,Gabon,2023,exchange_rate,606.569750165917
GAB,Gabon,2022,exchange_rate,623.759700911182
GAB,Gabon,2021,exchange_rate,554.530675033104
GAB,Gabon,2020,exchange_rate,575.586004510945
GAB,Gabon,2019,exchange_rate,585.911013180369
GAB,Gabon,2018,exchange_rate,555.446458398226
GAB,Gabon,2017,exchange_rate,580.656749587858
GAB,Gabon,2016,exchange_rate,592.605615063022
GAB,Gabon,2015,exchange_rate,591.21169798261
GMB,"Gambia, The",2025,exchange_rate,71.2893818242692
GMB,"Gambia, The",2024,exchange_rate,67.661238258942
GMB,"Gambia, The",2023,exchange_rate,61.0963330077956
GMB,"Gambia, The",2022,exchange_rate,54.9234673586679
GMB,"Gambia, The",2021,exchange_rate,51.4844438783833
GMB,"Gambia, The",2020,exchange_rate,51.5016603661723
GMB,"Gambia, The",2019,exchange_rate,50.0624613684222
GMB,"Gambia, The",2018,exchange_rate,48.1517806379073
GMB,"Gambia, The",2017,exchange_rate,46.6089094621101
GMB,"Gambia, The",2016,exchange_rate,43.3725276731819
GMB,"Gambia, The",2015,exchange_rate,42.5062080923725
GEO,Georgia,2025,exchange_rate,2.74264166666667
GEO,Georgia,2024,exchange_rate,2.72061666666667
GEO,Georgia,2023,exchange_rate,2.62795833333333
GEO,Georgia,2022,exchange_rate,2.9162
GEO,Georgia,2021,exchange_rate,3.22155833333333
GEO,Georgia,2020,exchange_rate,3.10901666666667
GEO,Georgia,2019,exchange_rate,2.818145
GEO,Georgia,2018,exchange_rate,2.53411083333333
GEO,Georgia,2017,exchange_rate,2.50954166666667
GEO,Georgia,2016,exchange_rate,2.366725
GEO,Georgia,2015,exchange_rate,2.26934166666667
DEU,Germany,2025,exchange_rate,0.88496895841236
DEU,Germany,2024,exchange_rate,0.923889546117607
DEU,Germany,2023,exchange_rate,0.924839558470698
DEU,Germany,2022,exchange_rate,0.949623753156941
DEU,Germany,2021,exchange_rate,0.84549413889045
DEU,Germany,2020,exchange_rate,0.875506396987998
DEU,Germany,2019,exchange_rate,0.893276257067409
DEU,Germany,2018,exchange_rate,0.846772667108111
DEU,Germany,2017,exchange_rate,0.885205508269372
DEU,Germany,2016,exchange_rate,0.903421436257263
DEU,Germany,2015,exchange_rate,0.901296423367096
GHA,Ghana,2025,exchange_rate,12.556825
GHA,Ghana,2024,exchange_rate,14.1819416666667
GHA,Ghana,2023,exchange_rate,11.0204083333333
GHA,Ghana,2022,exchange_rate,8.2724
GHA,Ghana,2021,exchange_rate,5.8057
GHA,Ghana,2020,exchange_rate,5.59570833333333
GHA,Ghana,2019,exchange_rate,5.21736666666667
GHA,Ghana,2018,exchange_rate,4.585325
GHA,Ghana,2017,exchange_rate,4.35053333333333
GHA,Ghana,2016,exchange_rate,3.90981666666667
GHA,Ghana,2015,exchange_rate,3.71464166666667
GIB,Gibraltar,2025,exchange_rate,0.759473957338608
GIB,Gibraltar,2024,exchange_rate,0.782414580986262
GIB,Gibraltar,2023,exchange_rate,0.804538906734353
GIB,Gibraltar,2022,exchange_rate,0.811301715827773
GIB,Gibraltar,2021,exchange_rate,0.727064944688322
GIB,Gibraltar,2020,exchange_rate,0.779999576697153
GIB,Gibraltar,2019,exchange_rate,0.783445110011929
GIB,Gibraltar,2018,exchange_rate,0.749531540259847
GIB,Gibraltar,2017,exchange_rate,0.776976682344123
GIB,Gibraltar,2016,exchange_rate,0.740634463697084
GIB,Gibraltar,2015,exchange_rate,0.654545478931426
GRC,Greece,2025,exchange_rate,0.88496895841236
GRC,Greece,2024,exchange_rate,0.923889546117607
GRC,Greece,2023,exchange_rate,0.924839558470698
GRC,Greece,2022,exchange_rate,0.949623753156941
GRC,Greece,2021,exchange_rate,0.84549413889045
GRC,Greece,2020,exchange_rate,0.875506396987998
GRC,Greece,2019,exchange_rate,0.893276257067409
GRC,Greece,2018,exchange_rate,0.846772667108111
GRC,Greece,2017,exchange_rate,0.885205508269372
GRC,Greece,2016,exchange_rate,0.903421436257263
GRC,Greece,2015,exchange_rate,0.901296423367096
GRL,Greenland,2025,exchange_rate,6.62182508333333
GRL,Greenland,2024,exchange_rate,6.89448141666666
GRL,Greenland,2023,exchange_rate,6.88970258583334
GRL,Greenland,2022,exchange_rate,7.0761518625
GRL,Greenland,2021,exchange_rate,6.2871130825
GRL,Greenland,2020,exchange_rate,6.54215220416667
GRL,Greenland,2019,exchange_rate,6.669446615
GRL,Greenland,2018,exchange_rate,6.31461878666667
GRL,Greenland,2017,exchange_rate,6.60289346561404
GRL,Greenland,2016,exchange_rate,6.73171825724638
GRL,Greenland,2015,exchange_rate,6.7279068312963
GRD,Grenada,2025,exchange_rate,2.7
GRD,Grenada,2024,exchange_rate,2.7
GRD,Grenada,2023,exchange_rate,2.7
GRD,Grenada,2022,exchange_rate,2.7
GRD,Grenada,2021,exchange_rate,2.7
GRD,Grenada,2020,exchange_rate,2.7
GRD,Grenada,2019,exchange_rate,2.7
GRD,Grenada,2018,exchange_rate,2.7
GRD,Grenada,2017,exchange_rate,2.7
GRD,Grenada,2016,exchange_rate,2.7
GRD,Grenada,2015,exchange_rate,2.7
GUM,Guam,2025,exchange_rate,1.0
GUM,Guam,2024,exchange_rate,1.0
GUM,Guam,2023,exchange_rate,1.0
GUM,Guam,2022,exchange_rate,1.0
GUM,Guam,2021,exchange_rate,1.0
GUM,Guam,2020,exchange_rate,1.0
GUM,Guam,2019,exchange_rate,1.0
GUM,Guam,2018,exchange_rate,1.0
GUM,Guam,2017,exchange_rate,1.0
GUM,Guam,2016,exchange_rate,1.0
GUM,Guam,2015,exchange_rate,1.0
GTM,Guatemala,2025,exchange_rate,7.68012458333333
GTM,Guatemala,2024,exchange_rate,7.7585375
GTM,Guatemala,2023,exchange_rate,7.83197416666667
GTM,Guatemala,2022,exchange_rate,7.74824375
GTM,Guatemala,2021,exchange_rate,7.73438833333333
GTM,Guatemala,2020,exchange_rate,7.72165
GTM,Guatemala,2019,exchange_rate,7.69669833333333
GTM,Guatemala,2018,exchange_rate,7.51916458333333
GTM,Guatemala,2017,exchange_rate,7.34793875
GTM,Guatemala,2016,exchange_rate,7.59993708333333
GTM,Guatemala,2015,exchange_rate,7.654815
GIN,Guinea,2025,exchange_rate,
GIN,Guinea,2024,exchange_rate,
GIN,Guinea,2023,exchange_rate,
GIN,Guinea,2022,exchange_rate,
GIN,Guinea,2021,exchange_rate,
GIN,Guinea,2020,exchange_rate,9565.08218343833
GIN,Guinea,2019,exchange_rate,9183.87586390984
GIN,Guinea,2018,exchange_rate,9011.13417725194
GIN,Guinea,2017,exchange_rate,9088.31949623166
GIN,Guinea,2016,exchange_rate,8967.92707958333
GIN,Guinea,2015,exchange_rate,7485.51674166667
GNB,Guinea-Bissau,2025,exchange_rate,581.92848104034
GNB,Guinea-Bissau,2024,exchange_rate,606.345297609063
GNB,Guinea-Bissau,2023,exchange_rate,606.569750165917
GNB,Guinea-Bissau,2022,exchange_rate,623.759700911182
GNB,Guinea-Bissau,2021,exchange_rate,554.530675033104
GNB,Guinea-Bissau,2020,exchange_rate,575.586004510945
GNB,Guinea-Bissau,2019,exchange_rate,585.911013180369
GNB,Guinea-Bissau,2018,exchange_rate,555.446458398226
GNB,Guinea-Bissau,2017,exchange_rate,580.656749587858
GNB,Guinea-Bissau,2016,exchange_rate,592.605615063022
GNB,Guinea-Bissau,2015,exchange_rate,591.21169798261
GUY,Guyana,2025,exchange_rate,208.5
GUY,Guyana,2024,exchange_rate,208.5
GUY,Guyana,2023,exchange_rate,208.5
GUY,Guyana,2022,exchange_rate,208.5
GUY,Guyana,2021,exchange_rate,208.5
GUY,Guyana,2020,exchange_rate,208.5
GUY,Guyana,2019,exchange_rate,208.5
GUY,Guyana,2018,exchange_rate,207.716666666667
GUY,Guyana,2017,exchange_rate,206.5
GUY,Guyana,2016,exchange_rate,206.5
GUY,Guyana,2015,exchange_rate,206.5
HTI,Haiti,2025,exchange_rate,130.626409210526
HTI,Haiti,2024,exchange_rate,131.810991666667
HTI,Haiti,2023,exchange_rate,141.035912702189
HTI,Haiti,2022,exchange_rate,115.630715521746
HTI,Haiti,2021,exchange_rate,89.2266365116304
HTI,Haiti,2020,exchange_rate,93.5098072136213
HTI,Haiti,2019,exchange_rate,88.8149661769193
HTI,Haiti,2018,exchange_rate,68.0317539812812
HTI,Haiti,2017,exchange_rate,64.7696802849928
HTI,Haiti,2016,exchange_rate,63.3358183698924
HTI,Haiti,2015,exchange_rate,50.7064266739439
HND,Honduras,2025,exchange_rate,25.9526748179551
HND,Honduras,2024,exchange_rate,24.7992824415521
HND,Honduras,2023,exchange_rate,24.6016468236818
HND,Honduras,2022,exchange_rate,24.4858737291131
HND,Honduras,2021,exchange_rate,24.0166553242681
HND,Honduras,2020,exchange_rate,24.5818805172846
HND,Honduras,2019,exchange_rate,24.5085389148926
HND,Honduras,2018,exchange_rate,23.9027282925432
HND,Honduras,2017,exchange_rate,23.4870839434552
HND,Honduras,2016,exchange_rate,22.835018390426
HND,Honduras,2015,exchange_rate,21.945175
HKG,"Hong Kong SAR, China",2025,exchange_rate,7.79708333333333
HKG,"Hong Kong SAR, China",2024,exchange_rate,7.80383333333334
HKG,"Hong Kong SAR, China",2023,exchange_rate,7.82958333333333
HKG,"Hong Kong SAR, China",2022,exchange_rate,7.83141666666666
HKG,"Hong Kong SAR, China",2021,exchange_rate,7.77325
HKG,"Hong Kong SAR, China",2020,exchange_rate,7.75725
HKG,"Hong Kong SAR, China",2019,exchange_rate,7.83591666666667
HKG,"Hong Kong SAR, China",2018,exchange_rate,7.8385
HKG,"Hong Kong SAR, China",2017,exchange_rate,7.79325
HKG,"Hong Kong SAR, China",2016,exchange_rate,7.76225
HKG,"Hong Kong SAR, China",2015,exchange_rate,7.75175
HUN,Hungary,2025,exchange_rate,353.14
HUN,Hungary,2024,exchange_rate,365.690833333333
HUN,Hungary,2023,exchange_rate,353.088333333333
HUN,Hungary,2022,exchange_rate,372.595833333333
HUN,Hungary,2021,exchange_rate,303.140833333333
HUN,Hungary,2020,exchange_rate,307.996666666667
HUN,Hungary,2019,exchange_rate,290.66
HUN,Hungary,2018,exchange_rate,270.211666666667
HUN,Hungary,2017,exchange_rate,274.433333333333
HUN,Hungary,2016,exchange_rate,281.523333333333
HUN,Hungary,2015,exchange_rate,279.3325
ISL,Iceland,2025,exchange_rate,128.441487054951
ISL,Iceland,2024,exchange_rate,137.958025978154
ISL,Iceland,2023,exchange_rate,137.942952429967
ISL,Iceland,2022,exchange_rate,135.27990200138
ISL,Iceland,2021,exchange_rate,126.988860204557
ISL,Iceland,2020,exchange_rate,135.421711629205
ISL,Iceland,2019,exchange_rate,122.606773601907
ISL,Iceland,2018,exchange_rate,108.300176306626
ISL,Iceland,2017,exchange_rate,106.839572014
ISL,Iceland,2016,exchange_rate,120.811548065239
ISL,Iceland,2015,exchange_rate,131.918708431432
IND,India,2025,exchange_rate,87.1584483507393
IND,India,2024,exchange_rate,83.669281580941
IND,India,2023,exchange_rate,82.5992764460784
IND,India,2022,exchange_rate,78.6044905829916
IND,India,2021,exchange_rate,73.9180128154351
IND,India,2020,exchange_rate,74.0995668836052
IND,India,2019,exchange_rate,70.4203405359551
IND,India,2018,exchange_rate,68.3894670935422
IND,India,2017,exchange_rate,65.1215686450659
IND,India,2016,exchange_rate,67.1953128073894
IND,India,2015,exchange_rate,64.1519444632786
IDN,Indonesia,2025,exchange_rate,16477.8651797836
IDN,Indonesia,2024,exchange_rate,15855.4482866711
IDN,Indonesia,2023,exchange_rate,15236.8846620506
IDN,Indonesia,2022,exchange_rate,14849.8539362105
IDN,Indonesia,2021,exchange_rate,14308.1439011897
IDN,Indonesia,2020,exchange_rate,14582.2034678177
IDN,Indonesia,2019,exchange_rate,14147.6713605454
IDN,Indonesia,2018,exchange_rate,14236.9387734818
IDN,Indonesia,2017,exchange_rate,13380.8338788891
IDN,Indonesia,2016,exchange_rate,13308.3268020542
IDN,Indonesia,2015,exchange_rate,13389.4129365079
IRN,"Iran, Islamic Rep.",2025,exchange_rate,
IRN,"Iran, Islamic Rep.",2024,exchange_rate,
IRN,"Iran, Islamic Rep.",2023,exchange_rate,42000.0
IRN,"Iran, Islamic Rep.",2022,exchange_rate,42000.0
IRN,"Iran, Islamic Rep.",2021,exchange_rate,42000.0
IRN,"Iran, Islamic Rep.",2020,exchange_rate,42000.0
IRN,"Iran, Islamic Rep.",2019,exchange_rate,42000.0
IRN,"Iran, Islamic Rep.",2018,exchange_rate,40864.329009777
IRN,"Iran, Islamic Rep.",2017,exchange_rate,33226.2981524127
IRN,"Iran, Islamic Rep.",2016,exchange_rate,30914.8524362967
IRN,"Iran, Islamic Rep.",2015,exchange_rate,29011.4913770529
IRQ,Iraq,2025,exchange_rate,
IRQ,Iraq,2024,exchange_rate,1300.0
IRQ,Iraq,2023,exchange_rate,1312.5
IRQ,Iraq,2022,exchange_rate,1450.0
IRQ,Iraq,2021,exchange_rate,1450.0
IRQ,Iraq,2020,exchange_rate,1192.0
IRQ,Iraq,2019,exchange_rate,1182.0
IRQ,Iraq,2018,exchange_rate,1182.75
IRQ,Iraq,2017,exchange_rate,1184.0
IRQ,Iraq,2016,exchange_rate,1182.0
IRQ,Iraq,2015,exchange_rate,1167.33333333333
IRL,Ireland,2025,exchange_rate,0.88496895841236
IRL,Ireland,2024,exchange_rate,0.923889546117607
IRL,Ireland,2023,exchange_rate,0.924839558470698
IRL,Ireland,2022,exchange_rate,0.949623753156941
IRL,Ireland,2021,exchange_rate,0.84549413889045
IRL,Ireland,2020,exchange_rate,0.875506396987998
IRL,Ireland,2019,exchange_rate,0.893276257067409
IRL,Ireland,2018,exchange_rate,0.846772667108111
IRL,Ireland,2017,exchange_rate,0.885205508269372
IRL,Ireland,2016,exchange_rate,0.903421436257263
IRL,Ireland,2015,exchange_rate,0.901296423367096
IMN,Isle of Man,2025,exchange_rate,0.759473957338608
IMN,Isle of Man,2024,exchange_rate,0.782414580986262
IMN,Isle of Man,2023,exchange_rate,0.804538906734353
IMN,Isle of Man,2022,exchange_rate,0.811301715827773
IMN,Isle of Man,2021,exchange_rate,0.727064944688322
IMN,Isle of Man,2020,exchange_rate,0.779999576697153
IMN,Isle of Man,2019,exchange_rate,0.783445110011929
IMN,Isle of Man,2018,exchange_rate,0.749531540259847
IMN,Isle of Man,2017,exchange_rate,0.776976682344123
IMN,Isle of Man,2016,exchange_rate,0.740634463697084
IMN,Isle of Man,2015,exchange_rate,0.654545478931426
ISR,Israel,2025,exchange_rate,3.45189166666667
ISR,Israel,2024,exchange_rate,3.69971964970892
ISR,Israel,2023,exchange_rate,3.6673747160226
ISR,Israel,2022,exchange_rate,3.35961440158189
ISR,Israel,2021,exchange_rate,3.23019832251082
ISR,Israel,2020,exchange_rate,3.44240585198793
ISR,Israel,2019,exchange_rate,3.56452734661093
ISR,Israel,2018,exchange_rate,3.59055812689938
ISR,Israel,2017,exchange_rate,3.59955554812834
ISR,Israel,2016,exchange_rate,3.84056666666667
ISR,Israel,2015,exchange_rate,3.88683333333333
ITA,Italy,2025,exchange_rate,0.88496895841236
ITA,Italy,2024,exchange_rate,0.923889546117607
ITA,Italy,2023,exchange_rate,0.924839558470698
ITA,Italy,2022,exchange_rate,0.949623753156941
ITA,Italy,2021,exchange_rate,0.84549413889045
ITA,Italy,2020,exchange_rate,0.875506396987998
ITA,Italy,2019,exchange_rate,0.893276257067409
ITA,Italy,2018,exchange_rate,0.846772667108111
ITA,Italy,2017,exchange_rate,0.885205508269372
ITA,Italy,2016,exchange_rate,0.903421436257263
ITA,Italy,2015,exchange_rate,0.901296423367096
JAM,Jamaica,2025,exchange_rate,159.096428305753
JAM,Jamaica,2024,exchange_rate,156.439540115298
JAM,Jamaica,2023,exchange_rate,154.158779031722
JAM,Jamaica,2022,exchange_rate,153.426816475659
JAM,Jamaica,2021,exchange_rate,150.790105943026
JAM,Jamaica,2020,exchange_rate,142.402832756013
JAM,Jamaica,2019,exchange_rate,133.31211833796
JAM,Jamaica,2018,exchange_rate,128.87151906466
JAM,Jamaica,2017,exchange_rate,127.964544179198
JAM,Jamaica,2016,exchange_rate,125.095034603174
JAM,Jamaica,2015,exchange_rate,116.969776646049
JPN,Japan,2025,exchange_rate,149.657926890952
JPN,Japan,2024,exchange_rate,151.366291302752
JPN,Japan,2023,exchange_rate,140.49110006234
JPN,Japan,2022,exchange_rate,131.498140443764
JPN,Japan,2021,exchange_rate,109.754323839417
JPN,Japan,2020,exchange_rate,106.774582262437
JPN,Japan,2019,exchange_rate,109.009665900863
JPN,Japan,2018,exchange_rate,110.42317934106
JPN,Japan,2017,exchange_rate,112.166141081871
JPN,Japan,2016,exchange_rate,108.792900046834
JPN,Japan,2015,exchange_rate,121.044025684011
JOR,Jordan,2025,exchange_rate,0.71
JOR,Jordan,2024,exchange_rate,0.71
JOR,Jordan,2023,exchange_rate,0.71
JOR,Jordan,2022,exchange_rate,0.71
JOR,Jordan,2021,exchange_rate,0.71
JOR,Jordan,2020,exchange_rate,0.71
JOR,Jordan,2019,exchange_rate,0.71
JOR,Jordan,2018,exchange_rate,0.71
JOR,Jordan,2017,exchange_rate,0.71
JOR,Jordan,2016,exchange_rate,0.71
JOR,Jordan,2015,exchange_rate,0.71
KAZ,Kazakhstan,2025,exchange_rate,521.035
KAZ,Kazakhstan,2024,exchange_rate,468.9625
KAZ,Kazakhstan,2023,exchange_rate,456.165
KAZ,Kazakhstan,2022,exchange_rate,460.165
KAZ,Kazakhstan,2021,exchange_rate,425.9075
KAZ,Kazakhstan,2020,exchange_rate,412.953333333333
KAZ,Kazakhstan,2019,exchange_rate,382.747310606061
KAZ,Kazakhstan,2018,exchange_rate,344.705833333333
KAZ,Kazakhstan,2017,exchange_rate,326.001022727273
KAZ,Kazakhstan,2016,exchange_rate,342.16
KAZ,Kazakhstan,2015,exchange_rate,221.728333333333
KEN,Kenya,2025,exchange_rate,129.302572099377
KEN,Kenya,2024,exchange_rate,134.822483279332
KEN,Kenya,2023,exchange_rate,139.846383759617
KEN,Kenya,2022,exchange_rate,117.865989201682
KEN,Kenya,2021,exchange_rate,109.637746592367
KEN,Kenya,2020,exchange_rate,106.450780158517
KEN,Kenya,2019,exchange_rate,101.99129838935
KEN,Kenya,2018,exchange_rate,101.301574049018
KEN,Kenya,2017,exchange_rate,103.410004519014
KEN,Kenya,2016,exchange_rate,101.504369498594
KEN,Kenya,2015,exchange_rate,98.1784533265271
KIR,Kiribati,2025,exchange_rate,1.5519978866485
KIR,Kiribati,2024,exchange_rate,1.51535803855596
KIR,Kiribati,2023,exchange_rate,1.50519106560508
KIR,Kiribati,2022,exchange_rate,1.44166445896522
KIR,Kiribati,2021,exchange_rate,1.33122425957081
KIR,Kiribati,2020,exchange_rate,1.45308511847016
KIR,Kiribati,2019,exchange_rate,1.43850654421382
KIR,Kiribati,2018,exchange_rate,1.33841214646451
KIR,Kiribati,2017,exchange_rate,1.30475807671592
KIR,Kiribati,2016,exchange_rate,1.34521397601947
KIR,Kiribati,2015,exchange_rate,1.33109026245502
PRK,"Korea, Dem. People's Rep.",2025,exchange_rate,
PRK,"Korea, Dem. People's Rep.",2024,exchange_rate,
PRK,"Korea, Dem. People's Rep.",2023,exchange_rate,
PRK,"Korea, Dem. People's Rep.",2022,exchange_rate,
PRK,"Korea, Dem. People's Rep.",2021,exchange_rate,
PRK,"Korea, Dem. People's Rep.",2020,exchange_rate,
PRK,"Korea, Dem. People's Rep.",2019,exchange_rate,
PRK,"Korea, Dem. People's Rep.",2018,exchange_rate,
PRK,"Korea, Dem. People's Rep.",2017,exchange_rate,
PRK,"Korea, Dem. People's Rep.",2016,exchange_rate,
PRK,"Korea, Dem. People's Rep.",2015,exchange_rate,
KOR,"Korea, Rep.",2025,exchange_rate,1422.44083333333
KOR,"Korea, Rep.",2024,exchange_rate,1363.375
KOR,"Korea, Rep.",2023,exchange_rate,1305.6625
KOR,"Korea, Rep.",2022,exchange_rate,1291.44666666667
KOR,"Korea, Rep.",2021,exchange_rate,1143.95166666667
KOR,"Korea, Rep.",2020,exchange_rate,1180.26583333333
KOR,"Korea, Rep.",2019,exchange_rate,1165.3575
KOR,"Korea, Rep.",2018,exchange_rate,1100.16333333333
KOR,"Korea, Rep.",2017,exchange_rate,1131.00083333333
KOR,"Korea, Rep.",2016,exchange_rate,1160.7675
KOR,"Korea, Rep.",2015,exchange_rate,1130.9525
XKX,Kosovo,2025,exchange_rate,0.887144250370588
XKX,Kosovo,2024,exchange_rate,0.924367447270267
XKX,Kosovo,2023,exchange_rate,0.924709622987356
XKX,Kosovo,2022,exchange_rate,0.950915533962108
XKX,Kosovo,2021,exchange_rate,0.845376564367945
XKX,Kosovo,2020,exchange_rate,0.877475207233012
XKX,Kosovo,2019,exchange_rate,0.893215581479226
XKX,Kosovo,2018,exchange_rate,0.846772667108096
XKX,Kosovo,2017,exchange_rate,0.88520550826938
XKX,Kosovo,2016,exchange_rate,0.903421436257288
XKX,Kosovo,2015,exchange_rate,0.901296423367096
KWT,Kuwait,2025,exchange_rate,0.306454776364578
KWT,Kuwait,2024,exchange_rate,0.306690648597046
KWT,Kuwait,2023,exchange_rate,0.30718535125088
KWT,Kuwait,2022,exchange_rate,0.306250154417753
KWT,Kuwait,2021,exchange_rate,0.301643110769949
KWT,Kuwait,2020,exchange_rate,0.306233121756716
KWT,Kuwait,2019,exchange_rate,0.303611163035755
KWT,Kuwait,2018,exchange_rate,0.301956493524177
KWT,Kuwait,2017,exchange_rate,0.303349758333333
KWT,Kuwait,2016,exchange_rate,0.302137441178496
KWT,Kuwait,2015,exchange_rate,0.300852025
KGZ,Kyrgyz Republic,2025,exchange_rate,
KGZ,Kyrgyz Republic,2024,exchange_rate,87.1503126405883
KGZ,Kyrgyz Republic,2023,exchange_rate,87.8561255862776
KGZ,Kyrgyz Republic,2022,exchange_rate,84.1162225704045
KGZ,Kyrgyz Republic,2021,exchange_rate,84.6408220065285
KGZ,Kyrgyz Republic,2020,exchange_rate,77.3461127039303
KGZ,Kyrgyz Republic,2019,exchange_rate,69.7893491807476
KGZ,Kyrgyz Republic,2018,exchange_rate,68.840320327701
KGZ,Kyrgyz Republic,2017,exchange_rate,68.866667859063
KGZ,Kyrgyz Republic,2016,exchange_rate,69.9140658252997
KGZ,Kyrgyz Republic,2015,exchange_rate,64.4621082725294
LAO,Lao PDR,2025,exchange_rate,
LAO,Lao PDR,2024,exchange_rate,20167.3313803145
LAO,Lao PDR,2023,exchange_rate,17688.8735909054
LAO,Lao PDR,2022,exchange_rate,14035.2266926511
LAO,Lao PDR,2021,exchange_rate,9697.91578947368
LAO,Lao PDR,2020,exchange_rate,9045.78783382479
LAO,Lao PDR,2019,exchange_rate,8679.40909309671
LAO,Lao PDR,2018,exchange_rate,8401.33476613966
LAO,Lao PDR,2017,exchange_rate,8244.84318921019
LAO,Lao PDR,2016,exchange_rate,8124.36675616228
LAO,Lao PDR,2015,exchange_rate,8127.61059846586
LVA,Latvia,2025,exchange_rate,0.88496895841236
LVA,Latvia,2024,exchange_rate,0.923889546117607
LVA,Latvia,2023,exchange_rate,0.924839558470698
LVA,Latvia,2022,exchange_rate,0.949623753156941
LVA,Latvia,2021,exchange_rate,0.84549413889045
LVA,Latvia,2020,exchange_rate,0.875506396987998
LVA,Latvia,2019,exchange_rate,0.893276257067409
LVA,Latvia,2018,exchange_rate,0.846772667108111
LVA,Latvia,2017,exchange_rate,0.885205508269372
LVA,Latvia,2016,exchange_rate,0.903421436257263
LVA,Latvia,2015,exchange_rate,0.901296423367096
LBN,Lebanon,2025,exchange_rate,89500.0
LBN,Lebanon,2024,exchange_rate,89500.0
LBN,Lebanon,2023,exchange_rate,13875.625
LBN,Lebanon,2022,exchange_rate,1507.5
LBN,Lebanon,2021,exchange_rate,1507.5
LBN,Lebanon,2020,exchange_rate,1507.5
LBN,Lebanon,2019,exchange_rate,1507.5
LBN,Lebanon,2018,exchange_rate,1507.5
LBN,Lebanon,2017,exchange_rate,1507.5
LBN,Lebanon,2016,exchange_rate,1507.5
LBN,Lebanon,2015,exchange_rate,1507.5
LSO,Lesotho,2025,exchange_rate,17.8887489855833
LSO,Lesotho,2024,exchange_rate,18.3286575505
LSO,Lesotho,2023,exchange_rate,18.4502441785
LSO,Lesotho,2022,exchange_rate,16.3558534845
LSO,Lesotho,2021,exchange_rate,14.7786782139167
LSO,Lesotho,2020,exchange_rate,16.4591053903333
LSO,Lesotho,2019,exchange_rate,14.4484270548333
LSO,Lesotho,2018,exchange_rate,13.2339264715833
LSO,Lesotho,2017,exchange_rate,13.3238014244992
LSO,Lesotho,2016,exchange_rate,14.7096108855267
LSO,Lesotho,2015,exchange_rate,12.7589308811644
LBR,Liberia,2025,exchange_rate,
LBR,Liberia,2024,exchange_rate,191.306666666667
LBR,Liberia,2023,exchange_rate,174.955982783514
LBR,Liberia,2022,exchange_rate,152.933756840022
LBR,Liberia,2021,exchange_rate,166.153700752442
LBR,Liberia,2020,exchange_rate,191.517957643463
LBR,Liberia,2019,exchange_rate,186.429744551072
LBR,Liberia,2018,exchange_rate,144.055575801282
LBR,Liberia,2017,exchange_rate,112.706666666667
LBR,Liberia,2016,exchange_rate,94.4272435897436
LBR,Liberia,2015,exchange_rate,86.1883665716999
LBY,Libya,2025,exchange_rate,5.30256666666666
LBY,Libya,2024,exchange_rate,4.83220833333333
LBY,Libya,2023,exchange_rate,4.81288333333334
LBY,Libya,2022,exchange_rate,4.813175
LBY,Libya,2021,exchange_rate,4.514425
LBY,Libya,2020,exchange_rate,1.38866668346465
LBY,Libya,2019,exchange_rate,1.39826289736928
LBY,Libya,2018,exchange_rate,1.36496666666667
LBY,Libya,2017,exchange_rate,1.3938200108235
LBY,Libya,2016,exchange_rate,1.39036867889833
LBY,Libya,2015,exchange_rate,1.38120985962103
LIE,Liechtenstein,2025,exchange_rate,0.831355833333333
LIE,Liechtenstein,2024,exchange_rate,0.880440833333333
LIE,Liechtenstein,2023,exchange_rate,0.89849
LIE,Liechtenstein,2022,exchange_rate,0.9548325
LIE,Liechtenstein,2021,exchange_rate,0.913845833333333
LIE,Liechtenstein,2020,exchange_rate,0.938965
LIE,Liechtenstein,2019,exchange_rate,0.993709166666667
LIE,Liechtenstein,2018,exchange_rate,0.977891666666667
LIE,Liechtenstein,2017,exchange_rate,0.984691666666667
LIE,Liechtenstein,2016,exchange_rate,0.985394394244835
LIE,Liechtenstein,2015,exchange_rate,0.962381328004354
LTU,Lithuania,2025,exchange_rate,0.88496895841236
LTU,Lithuania,2024,exchange_rate,0.923889546117607
LTU,Lithuania,2023,exchange_rate,0.924839558470698
LTU,Lithuania,2022,exchange_rate,0.949623753156941
LTU,Lithuania,2021,exchange_rate,0.84549413889045
LTU,Lithuania,2020,exchange_rate,0.875506396987998
LTU,Lithuania,2019,exchange_rate,0.893276257067409
LTU,Lithuania,2018,exchange_rate,0.846772667108111
LTU,Lithuania,2017,exchange_rate,0.885205508269372
LTU,Lithuania,2016,exchange_rate,0.903421436257263
LTU,Lithuania,2015,exchange_rate,0.901296423367096
LUX,Luxembourg,2025,exchange_rate,0.88496895841236
LUX,Luxembourg,2024,exchange_rate,0.923889546117607
LUX,Luxembourg,2023,exchange_rate,0.924839558470698
LUX,Luxembourg,2022,exchange_rate,0.949623753156941
LUX,Luxembourg,2021,exchange_rate,0.84549413889045
LUX,Luxembourg,2020,exchange_rate,0.875506396987998
LUX,Luxembourg,2019,exchange_rate,0.893276257067409
LUX,Luxembourg,2018,exchange_rate,0.846772667108111
LUX,Luxembourg,2017,exchange_rate,0.885205508269372
LUX,Luxembourg,2016,exchange_rate,0.903421436257263
LUX,Luxembourg,2015,exchange_rate,0.901296423367096
MAC,"Macao SAR, China",2025,exchange_rate,8.02981025
MAC,"Macao SAR, China",2024,exchange_rate,8.03683075
MAC,"Macao SAR, China",2023,exchange_rate,8.06339008333333
MAC,"Macao SAR, China",2022,exchange_rate,8.06520608333333
MAC,"Macao SAR, China",2021,exchange_rate,8.00553175
MAC,"Macao SAR, China",2020,exchange_rate,7.98906191666666
MAC,"Macao SAR, China",2019,exchange_rate,8.07047033333333
MAC,"Macao SAR, China",2018,exchange_rate,8.07250741666667
MAC,"Macao SAR, China",2017,exchange_rate,8.026001
MAC,"Macao SAR, China",2016,exchange_rate,7.99506425
MAC,"Macao SAR, China",2015,exchange_rate,7.98496041666667
MDG,Madagascar,2025,exchange_rate,4529.75125196405
MDG,Madagascar,2024,exchange_rate,4525.42472099152
MDG,Madagascar,2023,exchange_rate,4429.57921419022
MDG,Madagascar,2022,exchange_rate,4096.11618374535
MDG,Madagascar,2021,exchange_rate,3829.97784932976
MDG,Madagascar,2020,exchange_rate,3787.75405817574
MDG,Madagascar,2019,exchange_rate,3618.32185816072
MDG,Madagascar,2018,exchange_rate,3334.75225490196
MDG,Madagascar,2017,exchange_rate,3116.11
MDG,Madagascar,2016,exchange_rate,3176.53916666667
MDG,Madagascar,2015,exchange_rate,2933.50833333333
MWI,Malawi,2025,exchange_rate,
MWI,Malawi,2024,exchange_rate,
MWI,Malawi,2023,exchange_rate,1161.09436666667
MWI,Malawi,2022,exchange_rate,949.039016666667
MWI,Malawi,2021,exchange_rate,805.899650132837
MWI,Malawi,2020,exchange_rate,749.527493882201
MWI,Malawi,2019,exchange_rate,745.540667877372
MWI,Malawi,2018,exchange_rate,732.333333333333
MWI,Malawi,2017,exchange_rate,730.2725
MWI,Malawi,2016,exchange_rate,718.005
MWI,Malawi,2015,exchange_rate,499.605833333333
MYS,Malaysia,2025,exchange_rate,4.28442415048243
MYS,Malaysia,2024,exchange_rate,4.5764279106858
MYS,Malaysia,2023,exchange_rate,4.56062343240897
MYS,Malaysia,2022,exchange_rate,4.40107634540072
MYS,Malaysia,2021,exchange_rate,4.14329759817721
MYS,Malaysia,2020,exchange_rate,4.20348194851884
MYS,Malaysia,2019,exchange_rate,4.14246973569731
MYS,Malaysia,2018,exchange_rate,4.03513013706806
MYS,Malaysia,2017,exchange_rate,4.30044087761124
MYS,Malaysia,2016,exchange_rate,4.14830066287879
MYS,Malaysia,2015,exchange_rate,3.90550026302768
MDV,Maldives,2025,exchange_rate,15.415677547363
MDV,Maldives,2024,exchange_rate,15.3891963292547
MDV,Maldives,2023,exchange_rate,15.3867943548387
MDV,Maldives,2022,exchange_rate,15.386625
MDV,Maldives,2021,exchange_rate,15.3726984126984
MDV,Maldives,2020,exchange_rate,15.3812695278705
MDV,Maldives,2019,exchange_rate,15.3820419226831
MDV,Maldives,2018,exchange_rate,15.3908372695852
MDV,Maldives,2017,exchange_rate,15.3869685099846
MDV,Maldives,2016,exchange_rate,15.3684076818158
MDV,Maldives,2015,exchange_rate,15.3663312211982
MLI,Mali,2025,exchange_rate,581.92848104034
MLI,Mali,2024,exchange_rate,606.345297609063
MLI,Mali,2023,exchange_rate,606.569750165917
MLI,Mali,2022,exchange_rate,623.759700911182
MLI,Mali,2021,exchange_rate,554.530675033104
MLI,Mali,2020,exchange_rate,575.586004510945
MLI,Mali,2019,exchange_rate,585.911013180369
MLI,Mali,2018,exchange_rate,555.446458398226
MLI,Mali,2017,exchange_rate,580.656749587858
MLI,Mali,2016,exchange_rate,592.605615063022
MLI,Mali,2015,exchange_rate,591.21169798261
MLT,Malta,2025,exchange_rate,0.88496895841236
MLT,Malta,2024,exchange_rate,0.923889546117607
MLT,Malta,2023,exchange_rate,0.924839558470698
MLT,Malta,2022,exchange_rate,0.949623753156941
MLT,Malta,2021,exchange_rate,0.84549413889045
MLT,Malta,2020,exchange_rate,0.875506396987998
MLT,Malta,2019,exchange_rate,0.893276257067409
MLT,Malta,2018,exchange_rate,0.846772667108111
MLT,Malta,2017,exchange_rate,0.885205508269372
MLT,Malta,2016,exchange_rate,0.903421436257263
MLT,Malta,2015,exchange_rate,0.901296423367096
MHL,Marshall Islands,2025,exchange_rate,1.0
MHL,Marshall Islands,2024,exchange_rate,1.0
MHL,Marshall Islands,2023,exchange_rate,1.0
MHL,Marshall Islands,2022,exchange_rate,1.0
MHL,Marshall Islands,2021,exchange_rate,1.0
MHL,Marshall Islands,2020,exchange_rate,1.0
MHL,Marshall Islands,2019,exchange_rate,1.0
MHL,Marshall Islands,2018,exchange_rate,1.0
MHL,Marshall Islands,2017,exchange_rate,1.0
MHL,Marshall Islands,2016,exchange_rate,1.0
MHL,Marshall Islands,2015,exchange_rate,1.0
MRT,Mauritania,2025,exchange_rate,
MRT,Mauritania,2024,exchange_rate,
MRT,Mauritania,2023,exchange_rate,36.4891666666666
MRT,Mauritania,2022,exchange_rate,36.935
MRT,Mauritania,2021,exchange_rate,36.0633333333333
MRT,Mauritania,2020,exchange_rate,37.1891666666667
MRT,Mauritania,2019,exchange_rate,36.6908333333334
MRT,Mauritania,2018,exchange_rate,35.6775
MRT,Mauritania,2017,exchange_rate,35.7944166666667
MRT,Mauritania,2016,exchange_rate,35.2370833333334
MRT,Mauritania,2015,exchange_rate,32.4671666666667
MUS,Mauritius,2025,exchange_rate,45.9969666666667
MUS,Mauritius,2024,exchange_rate,46.414675
MUS,Mauritius,2023,exchange_rate,45.267225
MUS,Mauritius,2022,exchange_rate,44.182775
MUS,Mauritius,2021,exchange_rate,41.6921333333333
MUS,Mauritius,2020,exchange_rate,39.3469333333333
MUS,Mauritius,2019,exchange_rate,35.4735166666667
MUS,Mauritius,2018,exchange_rate,33.93445
MUS,Mauritius,2017,exchange_rate,34.4814083333333
MUS,Mauritius,2016,exchange_rate,35.5418833333333
MUS,Mauritius,2015,exchange_rate,35.0567
MEX,Mexico,2025,exchange_rate,19.2375083333333
MEX,Mexico,2024,exchange_rate,18.3048583333333
MEX,Mexico,2023,exchange_rate,17.7587166666667
MEX,Mexico,2022,exchange_rate,20.12735
MEX,Mexico,2021,exchange_rate,20.2724083333333
MEX,Mexico,2020,exchange_rate,21.4856083333333
MEX,Mexico,2019,exchange_rate,19.2636333333333
MEX,Mexico,2018,exchange_rate,19.2443416666667
MEX,Mexico,2017,exchange_rate,18.9265166666667
MEX,Mexico,2016,exchange_rate,18.6640583333333
MEX,Mexico,2015,exchange_rate,15.8482666666667
FSM,"Micronesia, Fed. Sts.",2025,exchange_rate,1.0
FSM,"Micronesia, Fed. Sts.",2024,exchange_rate,1.0
FSM,"Micronesia, Fed. Sts.",2023,exchange_rate,1.0
FSM,"Micronesia, Fed. Sts.",2022,exchange_rate,1.0
FSM,"Micronesia, Fed. Sts.",2021,exchange_rate,1.0
FSM,"Micronesia, Fed. Sts.",2020,exchange_rate,1.0
FSM,"Micronesia, Fed. Sts.",2019,exchange_rate,1.0
FSM,"Micronesia, Fed. Sts.",2018,exchange_rate,1.0
FSM,"Micronesia, Fed. Sts.",2017,exchange_rate,1.0
FSM,"Micronesia, Fed. Sts.",2016,exchange_rate,1.0
FSM,"Micronesia, Fed. Sts.",2015,exchange_rate,1.0
MDA,Moldova,2025,exchange_rate,17.3778474404762
MDA,Moldova,2024,exchange_rate,17.791907688172
MDA,Moldova,2023,exchange_rate,18.1639377592166
MDA,Moldova,2022,exchange_rate,18.8971896198157
MDA,Moldova,2021,exchange_rate,17.6804661418331
MDA,Moldova,2020,exchange_rate,17.3218352091831
MDA,Moldova,2019,exchange_rate,17.5734688664875
MDA,Moldova,2018,exchange_rate,16.8020517223502
MDA,Moldova,2017,exchange_rate,18.4990348873528
MDA,Moldova,2016,exchange_rate,19.923827563342
MDA,Moldova,2015,exchange_rate,18.8184751452893
MCO,Monaco,2025,exchange_rate,0.88496895841236
MCO,Monaco,2024,exchange_rate,0.923889546117607
MCO,Monaco,2023,exchange_rate,0.924839558470698
MCO,Monaco,2022,exchange_rate,0.949623753156941
MCO,Monaco,2021,exchange_rate,0.84549413889045
MCO,Monaco,2020,exchange_rate,0.875506396987998
MCO,Monaco,2019,exchange_rate,0.893276257067409
MCO,Monaco,2018,exchange_rate,0.846772667108111
MCO,Monaco,2017,exchange_rate,0.885205508269372
MCO,Monaco,2016,exchange_rate,0.903421436257263
MCO,Monaco,2015,exchange_rate,0.901296423367096
MNG,Mongolia,2025,exchange_rate,3545.14356555046
MNG,Mongolia,2024,exchange_rate,3389.98152022101
MNG,Mongolia,2023,exchange_rate,3465.73653626198
MNG,Mongolia,2022,exchange_rate,3140.67788364809
MNG,Mongolia,2021,exchange_rate,2849.2886145414
MNG,Mongolia,2020,exchange_rate,2813.28983532639
MNG,Mongolia,2019,exchange_rate,2663.54139820163
MNG,Mongolia,2018,exchange_rate,2472.48405114235
MNG,Mongolia,2017,exchange_rate,2439.77720111244
MNG,Mongolia,2016,exchange_rate,2140.29086406116
MNG,Mongolia,2015,exchange_rate,1970.30916666667
MNE,Montenegro,2025,exchange_rate,0.887144250370588
MNE,Montenegro,2024,exchange_rate,0.924367447270267
MNE,Montenegro,2023,exchange_rate,0.924709622987356
MNE,Montenegro,2022,exchange_rate,0.950915533962108
MNE,Montenegro,2021,exchange_rate,0.845376564367945
MNE,Montenegro,2020,exchange_rate,0.877475207233012
MNE,Montenegro,2019,exchange_rate,0.893215581479226
MNE,Montenegro,2018,exchange_rate,0.846772667108096
MNE,Montenegro,2017,exchange_rate,0.88520550826938
MNE,Montenegro,2016,exchange_rate,0.903421436257288
MNE,Montenegro,2015,exchange_rate,0.901296423367096
MAR,Morocco,2025,exchange_rate,9.35027697089947
MAR,Morocco,2024,exchange_rate,9.94235921679198
MAR,Morocco,2023,exchange_rate,10.1314260970897
MAR,Morocco,2022,exchange_rate,10.1606602430359
MAR,Morocco,2021,exchange_rate,8.98848402414138
MAR,Morocco,2020,exchange_rate,9.49684732221969
MAR,Morocco,2019,exchange_rate,9.61707609950743
MAR,Morocco,2018,exchange_rate,9.38610242091972
MAR,Morocco,2017,exchange_rate,9.6919978888289
MAR,Morocco,2016,exchange_rate,9.8074760315025
MAR,Morocco,2015,exchange_rate,9.76434827950111
MOZ,Mozambique,2025,exchange_rate,
MOZ,Mozambique,2024,exchange_rate,63.905
MOZ,Mozambique,2023,exchange_rate,63.8858333333333
MOZ,Mozambique,2022,exchange_rate,63.8508333333333
MOZ,Mozambique,2021,exchange_rate,65.465
MOZ,Mozambique,2020,exchange_rate,69.465
MOZ,Mozambique,2019,exchange_rate,62.5483333333333
MOZ,Mozambique,2018,exchange_rate,60.3262076432022
MOZ,Mozambique,2017,exchange_rate,63.584322913399
MOZ,Mozambique,2016,exchange_rate,63.0562327310371
MOZ,Mozambique,2015,exchange_rate,39.9824741465406
MMR,Myanmar,2025,exchange_rate,
MMR,Myanmar,2024,exchange_rate,
MMR,Myanmar,2023,exchange_rate,
MMR,Myanmar,2022,exchange_rate,
MMR,Myanmar,2021,exchange_rate,
MMR,Myanmar,2020,exchange_rate,1381.61916666667
MMR,Myanmar,2019,exchange_rate,1518.25511666667
MMR,Myanmar,2018,exchange_rate,1429.80797520107
MMR,Myanmar,2017,exchange_rate,1360.35870704085
MMR,Myanmar,2016,exchange_rate,1234.86951666667
MMR,Myanmar,2015,exchange_rate,1162.61532862554
NAM,Namibia,2025,exchange_rate,17.8887333333333
NAM,Namibia,2024,exchange_rate,18.3286583333333
NAM,Namibia,2023,exchange_rate,18.4463083333333
NAM,Namibia,2022,exchange_rate,16.3558583333333
NAM,Namibia,2021,exchange_rate,14.778675
NAM,Namibia,2020,exchange_rate,16.4632666666667
NAM,Namibia,2019,exchange_rate,14.4486904166667
NAM,Namibia,2018,exchange_rate,13.2339416666667
NAM,Namibia,2017,exchange_rate,13.3129
NAM,Namibia,2016,exchange_rate,14.7087666666667
NAM,Namibia,2015,exchange_rate,12.8819208333333
NRU,Naoero,2025,exchange_rate,1.5519978866485
NRU,Naoero,2024,exchange_rate,1.51535803855596
NRU,Naoero,2023,exchange_rate,1.50519106560508
NRU,Naoero,2022,exchange_rate,1.44166445896522
NRU,Naoero,2021,exchange_rate,1.33122425957081
NRU,Naoero,2020,exchange_rate,1.45308511847016
NRU,Naoero,2019,exchange_rate,1.43850654421382
NRU,Naoero,2018,exchange_rate,1.33841214646451
NRU,Naoero,2017,exchange_rate,1.30475807671592
NRU,Naoero,2016,exchange_rate,1.34521397601947
NRU,Naoero,2015,exchange_rate,1.33109026245502
NPL,Nepal,2025,exchange_rate,139.115437592696
NPL,Nepal,2024,exchange_rate,133.726644315443
NPL,Nepal,2023,exchange_rate,132.115460088756
NPL,Nepal,2022,exchange_rate,125.199457792609
NPL,Nepal,2021,exchange_rate,118.134081604947
NPL,Nepal,2020,exchange_rate,118.345187275986
NPL,Nepal,2019,exchange_rate,112.609482758621
NPL,Nepal,2018,exchange_rate,108.930134109273
NPL,Nepal,2017,exchange_rate,104.511885242862
NPL,Nepal,2016,exchange_rate,107.383815174654
NPL,Nepal,2015,exchange_rate,102.405134331356
NLD,Netherlands,2025,exchange_rate,0.88496895841236
NLD,Netherlands,2024,exchange_rate,0.923889546117607
NLD,Netherlands,2023,exchange_rate,0.924839558470698
NLD,Netherlands,2022,exchange_rate,0.949623753156941
NLD,Netherlands,2021,exchange_rate,0.84549413889045
NLD,Netherlands,2020,exchange_rate,0.875506396987998
NLD,Netherlands,2019,exchange_rate,0.893276257067409
NLD,Netherlands,2018,exchange_rate,0.846772667108111
NLD,Netherlands,2017,exchange_rate,0.885205508269372
NLD,Netherlands,2016,exchange_rate,0.903421436257263
NLD,Netherlands,2015,exchange_rate,0.901296423367096
NCL,New Caledonia,2025,exchange_rate,105.864431541948
NCL,New Caledonia,2024,exchange_rate,110.306338907421
NCL,New Caledonia,2023,exchange_rate,110.34717131744
NCL,New Caledonia,2022,exchange_rate,113.474367224106
NCL,New Caledonia,2021,exchange_rate,100.880222566186
NCL,New Caledonia,2020,exchange_rate,104.710608186968
NCL,New Caledonia,2019,exchange_rate,106.588933804405
NCL,New Caledonia,2018,exchange_rate,101.046821879543
NCL,New Caledonia,2017,exchange_rate,105.633078151149
NCL,New Caledonia,2016,exchange_rate,107.806815805024
NCL,New Caledonia,2015,exchange_rate,107.553234404315
NZL,New Zealand,2025,exchange_rate,1.72010833333333
NZL,New Zealand,2024,exchange_rate,1.65230833333333
NZL,New Zealand,2023,exchange_rate,1.62843333333333
NZL,New Zealand,2022,exchange_rate,1.57718333333333
NZL,New Zealand,2021,exchange_rate,1.4138
NZL,New Zealand,2020,exchange_rate,1.54205833333333
NZL,New Zealand,2019,exchange_rate,1.517875
NZL,New Zealand,2018,exchange_rate,1.44525833333333
NZL,New Zealand,2017,exchange_rate,1.40740833333333
NZL,New Zealand,2016,exchange_rate,1.436525
NZL,New Zealand,2015,exchange_rate,1.433975
NIC,Nicaragua,2025,exchange_rate,36.6243
NIC,Nicaragua,2024,exchange_rate,36.6243
NIC,Nicaragua,2023,exchange_rate,36.4411942796586
NIC,Nicaragua,2022,exchange_rate,35.874421141967
NIC,Nicaragua,2021,exchange_rate,35.1710166666667
NIC,Nicaragua,2020,exchange_rate,34.3421221197024
NIC,Nicaragua,2019,exchange_rate,33.121745265284
NIC,Nicaragua,2018,exchange_rate,31.5532123338754
NIC,Nicaragua,2017,exchange_rate,30.0509413442878
NIC,Nicaragua,2016,exchange_rate,28.6209624101588
NIC,Nicaragua,2015,exchange_rate,27.2568449404762
NER,Niger,2025,exchange_rate,581.92848104034
NER,Niger,2024,exchange_rate,606.345297609063
NER,Niger,2023,exchange_rate,606.569750165917
NER,Niger,2022,exchange_rate,623.759700911182
NER,Niger,2021,exchange_rate,554.530675033104
NER,Niger,2020,exchange_rate,575.586004510945
NER,Niger,2019,exchange_rate,585.911013180369
NER,Niger,2018,exchange_rate,555.446458398226
NER,Niger,2017,exchange_rate,580.656749587858
NER,Niger,2016,exchange_rate,592.605615063022
NER,Niger,2015,exchange_rate,591.21169798261
NGA,Nigeria,2025,exchange_rate,1518.38094813368
NGA,Nigeria,2024,exchange_rate,1478.96519740023
NGA,Nigeria,2023,exchange_rate,645.194067883201
NGA,Nigeria,2022,exchange_rate,425.979158066857
NGA,Nigeria,2021,exchange_rate,401.152029220779
NGA,Nigeria,2020,exchange_rate,358.810797258297
NGA,Nigeria,2019,exchange_rate,306.920951495222
NGA,Nigeria,2018,exchange_rate,306.083688245234
NGA,Nigeria,2017,exchange_rate,305.790109160005
NGA,Nigeria,2016,exchange_rate,253.492
NGA,Nigeria,2015,exchange_rate,192.440333333333
MKD,North Macedonia,2025,exchange_rate,54.6549666666667
MKD,North Macedonia,2024,exchange_rate,56.8726333333333
MKD,North Macedonia,2023,exchange_rate,56.9471916666667
MKD,North Macedonia,2022,exchange_rate,58.5743916666667
MKD,North Macedonia,2021,exchange_rate,52.1021583333333
MKD,North Macedonia,2020,exchange_rate,54.144325
MKD,North Macedonia,2019,exchange_rate,54.9472
MKD,North Macedonia,2018,exchange_rate,52.1071083333333
MKD,North Macedonia,2017,exchange_rate,54.6654583333333
MKD,North Macedonia,2016,exchange_rate,55.731725
MKD,North Macedonia,2015,exchange_rate,55.537075
MNP,Northern Mariana Islands,2025,exchange_rate,1.0
MNP,Northern Mariana Islands,2024,exchange_rate,1.0
MNP,Northern Mariana Islands,2023,exchange_rate,1.0
MNP,Northern Mariana Islands,2022,exchange_rate,1.0
MNP,Northern Mariana Islands,2021,exchange_rate,1.0
MNP,Northern Mariana Islands,2020,exchange_rate,1.0
MNP,Northern Mariana Islands,2019,exchange_rate,1.0
MNP,Northern Mariana Islands,2018,exchange_rate,1.0
MNP,Northern Mariana Islands,2017,exchange_rate,1.0
MNP,Northern Mariana Islands,2016,exchange_rate,1.0
MNP,Northern Mariana Islands,2015,exchange_rate,1.0
NOR,Norway,2025,exchange_rate,10.3958333333333
NOR,Norway,2024,exchange_rate,10.7458333333333
NOR,Norway,2023,exchange_rate,10.5633333333333
NOR,Norway,2022,exchange_rate,9.61416666666667
NOR,Norway,2021,exchange_rate,8.59
NOR,Norway,2020,exchange_rate,9.41583333333334
NOR,Norway,2019,exchange_rate,8.8
NOR,Norway,2018,exchange_rate,8.1325
NOR,Norway,2017,exchange_rate,8.27166666666666
NOR,Norway,2016,exchange_rate,8.4
NOR,Norway,2015,exchange_rate,8.06416666666667
OMN,Oman,2025,exchange_rate,0.3845
OMN,Oman,2024,exchange_rate,0.3845
OMN,Oman,2023,exchange_rate,0.3845
OMN,Oman,2022,exchange_rate,0.3845
OMN,Oman,2021,exchange_rate,0.3845
OMN,Oman,2020,exchange_rate,0.3845
OMN,Oman,2019,exchange_rate,0.3845
OMN,Oman,2018,exchange_rate,0.3845
OMN,Oman,2017,exchange_rate,0.3845
OMN,Oman,2016,exchange_rate,0.3845
OMN,Oman,2015,exchange_rate,0.3845
PAK,Pakistan,2025,exchange_rate,281.143001173202
PAK,Pakistan,2024,exchange_rate,278.580716167563
PAK,Pakistan,2023,exchange_rate,280.356111655149
PAK,Pakistan,2022,exchange_rate,204.867187469982
PAK,Pakistan,2021,exchange_rate,162.906253747418
PAK,Pakistan,2020,exchange_rate,161.838479684718
PAK,Pakistan,2019,exchange_rate,150.036253839864
PAK,Pakistan,2018,exchange_rate,121.824068875756
PAK,Pakistan,2017,exchange_rate,105.455162087938
PAK,Pakistan,2016,exchange_rate,104.769117033301
PAK,Pakistan,2015,exchange_rate,102.769271604675
PLW,Palau,2025,exchange_rate,1.0
PLW,Palau,2024,exchange_rate,1.0
PLW,Palau,2023,exchange_rate,1.0
PLW,Palau,2022,exchange_rate,1.0
PLW,Palau,2021,exchange_rate,1.0
PLW,Palau,2020,exchange_rate,1.0
PLW,Palau,2019,exchange_rate,1.0
PLW,Palau,2018,exchange_rate,1.0
PLW,Palau,2017,exchange_rate,1.0
PLW,Palau,2016,exchange_rate,1.0
PLW,Palau,2015,exchange_rate,1.0
PAN,Panama,2025,exchange_rate,1.0
PAN,Panama,2024,exchange_rate,1.0
PAN,Panama,2023,exchange_rate,1.0
PAN,Panama,2022,exchange_rate,1.0
PAN,Panama,2021,exchange_rate,1.0
PAN,Panama,2020,exchange_rate,1.0
PAN,Panama,2019,exchange_rate,1.0
PAN,Panama,2018,exchange_rate,1.0
PAN,Panama,2017,exchange_rate,1.0
PAN,Panama,2016,exchange_rate,1.0
PAN,Panama,2015,exchange_rate,1.0
PNG,Papua New Guinea,2025,exchange_rate,4.12272372720281
PNG,Papua New Guinea,2024,exchange_rate,3.8527502682192
PNG,Papua New Guinea,2023,exchange_rate,3.58962274932016
PNG,Papua New Guinea,2022,exchange_rate,3.51922970506745
PNG,Papua New Guinea,2021,exchange_rate,3.50877192982456
PNG,Papua New Guinea,2020,exchange_rate,3.45997438644787
PNG,Papua New Guinea,2019,exchange_rate,3.38753768145423
PNG,Papua New Guinea,2018,exchange_rate,3.2934630812508
PNG,Papua New Guinea,2017,exchange_rate,3.18878838289617
PNG,Papua New Guinea,2016,exchange_rate,3.13302930185604
PNG,Papua New Guinea,2015,exchange_rate,2.76841166666667
PRY,Paraguay,2025,exchange_rate,7545.44675537411
PRY,Paraguay,2024,exchange_rate,7560.24758837744
PRY,Paraguay,2023,exchange_rate,7288.87205374128
PRY,Paraguay,2022,exchange_rate,6982.75237776692
PRY,Paraguay,2021,exchange_rate,6774.16273484849
PRY,Paraguay,2020,exchange_rate,6771.09742519652
PRY,Paraguay,2019,exchange_rate,6240.72207844257
PRY,Paraguay,2018,exchange_rate,5732.10455572912
PRY,Paraguay,2017,exchange_rate,5618.9334516428
PRY,Paraguay,2016,exchange_rate,5670.54089799784
PRY,Paraguay,2015,exchange_rate,5204.92080811087
PER,Peru,2025,exchange_rate,3.5670638032991
PER,Peru,2024,exchange_rate,3.7525
PER,Peru,2023,exchange_rate,3.74382620959376
PER,Peru,2022,exchange_rate,3.83518137473542
PER,Peru,2021,exchange_rate,3.88055413137587
PER,Peru,2020,exchange_rate,3.4949411976912
PER,Peru,2019,exchange_rate,3.3372655465368
PER,Peru,2018,exchange_rate,3.28660269803296
PER,Peru,2017,exchange_rate,3.2604884908321
PER,Peru,2016,exchange_rate,3.37506158720665
PER,Peru,2015,exchange_rate,3.18443924152237
PHL,Philippines,2025,exchange_rate,57.5050971489715
PHL,Philippines,2024,exchange_rate,57.2906550699734
PHL,Philippines,2023,exchange_rate,55.630363223193
PHL,Philippines,2022,exchange_rate,54.477785837205
PHL,Philippines,2021,exchange_rate,49.2545977288412
PHL,Philippines,2020,exchange_rate,49.6240960026328
PHL,Philippines,2019,exchange_rate,51.7957826517332
PHL,Philippines,2018,exchange_rate,52.6614299539683
PHL,Philippines,2017,exchange_rate,50.4037197937177
PHL,Philippines,2016,exchange_rate,47.4924638585099
PHL,Philippines,2015,exchange_rate,45.5028399421431
POL,Poland,2025,exchange_rate,3.76054166666667
POL,Poland,2024,exchange_rate,3.98078333333333
POL,Poland,2023,exchange_rate,4.20366666666667
POL,Poland,2022,exchange_rate,4.45775833333333
POL,Poland,2021,exchange_rate,3.86191666666667
POL,Poland,2020,exchange_rate,3.89974166666667
POL,Poland,2019,exchange_rate,3.839375
POL,Poland,2018,exchange_rate,3.61171666666667
POL,Poland,2017,exchange_rate,3.77933333333333
POL,Poland,2016,exchange_rate,3.94278333333334
POL,Poland,2015,exchange_rate,3.7695
PRT,Portugal,2025,exchange_rate,0.88496895841236
PRT,Portugal,2024,exchange_rate,0.923889546117607
PRT,Portugal,2023,exchange_rate,0.924839558470698
PRT,Portugal,2022,exchange_rate,0.949623753156941
PRT,Portugal,2021,exchange_rate,0.84549413889045
PRT,Portugal,2020,exchange_rate,0.875506396987998
PRT,Portugal,2019,exchange_rate,0.893276257067409
PRT,Portugal,2018,exchange_rate,0.846772667108111
PRT,Portugal,2017,exchange_rate,0.885205508269372
PRT,Portugal,2016,exchange_rate,0.903421436257263
PRT,Portugal,2015,exchange_rate,0.901296423367096
PRI,Puerto Rico (US),2025,exchange_rate,1.0
PRI,Puerto Rico (US),2024,exchange_rate,1.0
PRI,Puerto Rico (US),2023,exchange_rate,1.0
PRI,Puerto Rico (US),2022,exchange_rate,1.0
PRI,Puerto Rico (US),2021,exchange_rate,1.0
PRI,Puerto Rico (US),2020,exchange_rate,1.0
PRI,Puerto Rico (US),2019,exchange_rate,1.0
PRI,Puerto Rico (US),2018,exchange_rate,1.0
PRI,Puerto Rico (US),2017,exchange_rate,1.0
PRI,Puerto Rico (US),2016,exchange_rate,1.0
PRI,Puerto Rico (US),2015,exchange_rate,1.0
QAT,Qatar,2025,exchange_rate,3.64
QAT,Qatar,2024,exchange_rate,3.64
QAT,Qatar,2023,exchange_rate,3.64
QAT,Qatar,2022,exchange_rate,3.64
QAT,Qatar,2021,exchange_rate,3.64
QAT,Qatar,2020,exchange_rate,3.64
QAT,Qatar,2019,exchange_rate,3.64
QAT,Qatar,2018,exchange_rate,3.64
QAT,Qatar,2017,exchange_rate,3.64
QAT,Qatar,2016,exchange_rate,3.64
QAT,Qatar,2015,exchange_rate,3.64
ROU,Romania,2025,exchange_rate,4.47053333333333
ROU,Romania,2024,exchange_rate,4.598375
ROU,Romania,2023,exchange_rate,4.57429166666667
ROU,Romania,2022,exchange_rate,4.688475
ROU,Romania,2021,exchange_rate,4.16041666666666
ROU,Romania,2020,exchange_rate,4.24399166666667
ROU,Romania,2019,exchange_rate,4.237925
ROU,Romania,2018,exchange_rate,3.94161666666667
ROU,Romania,2017,exchange_rate,4.05249166666666
ROU,Romania,2016,exchange_rate,4.05918333333333
ROU,Romania,2015,exchange_rate,4.00566666666666
RUS,Russian Federation,2025,exchange_rate,
RUS,Russian Federation,2024,exchange_rate,92.5524
RUS,Russian Federation,2023,exchange_rate,85.1620083333333
RUS,Russian Federation,2022,exchange_rate,68.4849416666667
RUS,Russian Federation,2021,exchange_rate,73.65435
RUS,Russian Federation,2020,exchange_rate,72.1049083333333
RUS,Russian Federation,2019,exchange_rate,64.7376583333333
RUS,Russian Federation,2018,exchange_rate,62.6681333333334
RUS,Russian Federation,2017,exchange_rate,58.3428011851719
RUS,Russian Federation,2016,exchange_rate,67.0559333333333
RUS,Russian Federation,2015,exchange_rate,60.9376501088951
RWA,Rwanda,2025,exchange_rate,1428.47827558333
RWA,Rwanda,2024,exchange_rate,1318.12835733333
RWA,Rwanda,2023,exchange_rate,1160.09869425
RWA,Rwanda,2022,exchange_rate,1030.30829974206
RWA,Rwanda,2021,exchange_rate,988.624806551768
RWA,Rwanda,2020,exchange_rate,943.278048166667
RWA,Rwanda,2019,exchange_rate,899.350509
RWA,Rwanda,2018,exchange_rate,861.093412166667
RWA,Rwanda,2017,exchange_rate,831.55433975
RWA,Rwanda,2016,exchange_rate,787.25152175
RWA,Rwanda,2015,exchange_rate,719.8595555
WSM,Samoa,2025,exchange_rate,2.79150381915391
WSM,Samoa,2024,exchange_rate,2.75395370512433
WSM,Samoa,2023,exchange_rate,2.73843913026323
WSM,Samoa,2022,exchange_rate,2.68899764734059
WSM,Samoa,2021,exchange_rate,2.55609234207843
WSM,Samoa,2020,exchange_rate,2.66496084519696
WSM,Samoa,2019,exchange_rate,2.64882632186605
WSM,Samoa,2018,exchange_rate,2.58727995057261
WSM,Samoa,2017,exchange_rate,2.55437711641037
WSM,Samoa,2016,exchange_rate,2.56492967258212
WSM,Samoa,2015,exchange_rate,2.5608736880983
SMR,San Marino,2025,exchange_rate,0.887144250370588
SMR,San Marino,2024,exchange_rate,0.924367447270267
SMR,San Marino,2023,exchange_rate,0.924709622987356
SMR,San Marino,2022,exchange_rate,0.950915533962108
SMR,San Marino,2021,exchange_rate,0.845376564367945
SMR,San Marino,2020,exchange_rate,0.877475207233012
SMR,San Marino,2019,exchange_rate,0.893215581479226
SMR,San Marino,2018,exchange_rate,0.846772667108096
SMR,San Marino,2017,exchange_rate,0.88520550826938
SMR,San Marino,2016,exchange_rate,0.903421436257288
SMR,San Marino,2015,exchange_rate,0.901296423367096
STP,Sao Tome and Principe,2025,exchange_rate,
STP,Sao Tome and Principe,2024,exchange_rate,22.6430098947812
STP,Sao Tome and Principe,2023,exchange_rate,22.6584247888496
STP,Sao Tome and Principe,2022,exchange_rate,23.2904039548641
STP,Sao Tome and Principe,2021,exchange_rate,20.7104015163031
STP,Sao Tome and Principe,2020,exchange_rate,21.5070590993582
STP,Sao Tome and Principe,2019,exchange_rate,21.8847418164689
STP,Sao Tome and Principe,2018,exchange_rate,20.7508592370914
STP,Sao Tome and Principe,2017,exchange_rate,21.7411383607116
STP,Sao Tome and Principe,2016,exchange_rate,22.1488606347838
STP,Sao Tome and Principe,2015,exchange_rate,22.0906445602113
SAU,Saudi Arabia,2025,exchange_rate,3.75
SAU,Saudi Arabia,2024,exchange_rate,3.75
SAU,Saudi Arabia,2023,exchange_rate,3.75
SAU,Saudi Arabia,2022,exchange_rate,3.75
SAU,Saudi Arabia,2021,exchange_rate,3.75
SAU,Saudi Arabia,2020,exchange_rate,3.75
SAU,Saudi Arabia,2019,exchange_rate,3.75
SAU,Saudi Arabia,2018,exchange_rate,3.75
SAU,Saudi Arabia,2017,exchange_rate,3.75
SAU,Saudi Arabia,2016,exchange_rate,3.75
SAU,Saudi Arabia,2015,exchange_rate,3.75
SEN,Senegal,2025,exchange_rate,581.92848104034
SEN,Senegal,2024,exchange_rate,606.345297609063
SEN,Senegal,2023,exchange_rate,606.569750165917
SEN,Senegal,2022,exchange_rate,623.759700911182
SEN,Senegal,2021,exchange_rate,554.530675033104
SEN,Senegal,2020,exchange_rate,575.586004510945
SEN,Senegal,2019,exchange_rate,585.911013180369
SEN,Senegal,2018,exchange_rate,555.446458398226
SEN,Senegal,2017,exchange_rate,580.656749587858
SEN,Senegal,2016,exchange_rate,592.605615063022
SEN,Senegal,2015,exchange_rate,591.21169798261
SRB,Serbia,2025,exchange_rate,103.9754
SRB,Serbia,2024,exchange_rate,108.207741666667
SRB,Serbia,2023,exchange_rate,108.402691666667
SRB,Serbia,2022,exchange_rate,111.662183333333
SRB,Serbia,2021,exchange_rate,99.3959416666667
SRB,Serbia,2020,exchange_rate,103.163291666667
SRB,Serbia,2019,exchange_rate,105.249558333333
SRB,Serbia,2018,exchange_rate,100.175075
SRB,Serbia,2017,exchange_rate,107.75885
SRB,Serbia,2016,exchange_rate,111.27785
SRB,Serbia,2015,exchange_rate,108.811425
SYC,Seychelles,2025,exchange_rate,14.7254562696937
SYC,Seychelles,2024,exchange_rate,14.5296931907518
SYC,Seychelles,2023,exchange_rate,14.0181106992979
SYC,Seychelles,2022,exchange_rate,14.2727945255291
SYC,Seychelles,2021,exchange_rate,16.9205225709613
SYC,Seychelles,2020,exchange_rate,17.6165187554113
SYC,Seychelles,2019,exchange_rate,14.03325
SYC,Seychelles,2018,exchange_rate,13.9111166666667
SYC,Seychelles,2017,exchange_rate,13.6478416666667
SYC,Seychelles,2016,exchange_rate,13.3191166666667
SYC,Seychelles,2015,exchange_rate,13.313925
SLE,Sierra Leone,2025,exchange_rate,
SLE,Sierra Leone,2024,exchange_rate,
SLE,Sierra Leone,2023,exchange_rate,21.3048751103818
SLE,Sierra Leone,2022,exchange_rate,14.0476497942157
SLE,Sierra Leone,2021,exchange_rate,10.4394253194587
SLE,Sierra Leone,2020,exchange_rate,9.82992676332375
SLE,Sierra Leone,2019,exchange_rate,9.01022114400915
SLE,Sierra Leone,2018,exchange_rate,7.93163174973728
SLE,Sierra Leone,2017,exchange_rate,7.38443222248692
SLE,Sierra Leone,2016,exchange_rate,6.29029741495228
SLE,Sierra Leone,2015,exchange_rate,5.0807475
SGP,Singapore,2025,exchange_rate,1.30745
SGP,Singapore,2024,exchange_rate,1.33623333333333
SGP,Singapore,2023,exchange_rate,1.34276666666667
SGP,Singapore,2022,exchange_rate,1.37866666666667
SGP,Singapore,2021,exchange_rate,1.34348333333333
SGP,Singapore,2020,exchange_rate,1.37974166666667
SGP,Singapore,2019,exchange_rate,1.36415833333333
SGP,Singapore,2018,exchange_rate,1.34884166666667
SGP,Singapore,2017,exchange_rate,1.380925
SGP,Singapore,2016,exchange_rate,1.38154636363636
SGP,Singapore,2015,exchange_rate,1.374825
SXM,Sint Maarten (Dutch part),2025,exchange_rate,1.79
SXM,Sint Maarten (Dutch part),2024,exchange_rate,1.79
SXM,Sint Maarten (Dutch part),2023,exchange_rate,1.79
SXM,Sint Maarten (Dutch part),2022,exchange_rate,1.79
SXM,Sint Maarten (Dutch part),2021,exchange_rate,1.79
SXM,Sint Maarten (Dutch part),2020,exchange_rate,1.79
SXM,Sint Maarten (Dutch part),2019,exchange_rate,1.79
SXM,Sint Maarten (Dutch part),2018,exchange_rate,1.79
SXM,Sint Maarten (Dutch part),2017,exchange_rate,1.79
SXM,Sint Maarten (Dutch part),2016,exchange_rate,1.79
SXM,Sint Maarten (Dutch part),2015,exchange_rate,1.79
SVK,Slovak Republic,2025,exchange_rate,0.88496895841236
SVK,Slovak Republic,2024,exchange_rate,0.923889546117607
SVK,Slovak Republic,2023,exchange_rate,0.924839558470698
SVK,Slovak Republic,2022,exchange_rate,0.949623753156941
SVK,Slovak Republic,2021,exchange_rate,0.84549413889045
SVK,Slovak Republic,2020,exchange_rate,0.875506396987998
SVK,Slovak Republic,2019,exchange_rate,0.893276257067409
SVK,Slovak Republic,2018,exchange_rate,0.846772667108111
SVK,Slovak Republic,2017,exchange_rate,0.885205508269372
SVK,Slovak Republic,2016,exchange_rate,0.903421436257263
SVK,Slovak Republic,2015,exchange_rate,0.901296423367096
SVN,Slovenia,2025,exchange_rate,0.88496895841236
SVN,Slovenia,2024,exchange_rate,0.923889546117607
SVN,Slovenia,2023,exchange_rate,0.924839558470698
SVN,Slovenia,2022,exchange_rate,0.949623753156941
SVN,Slovenia,2021,exchange_rate,0.84549413889045
SVN,Slovenia,2020,exchange_rate,0.875506396987998
SVN,Slovenia,2019,exchange_rate,0.893276257067409
SVN,Slovenia,2018,exchange_rate,0.846772667108111
SVN,Slovenia,2017,exchange_rate,0.885205508269372
SVN,Slovenia,2016,exchange_rate,0.903421436257263
SVN,Slovenia,2015,exchange_rate,0.901296423367096
SLB,Solomon Islands,2025,exchange_rate,8.32684233252033
SLB,Solomon Islands,2024,exchange_rate,8.45483560171654
SLB,Solomon Islands,2023,exchange_rate,8.37559677613046
SLB,Solomon Islands,2022,exchange_rate,8.1555286976263
SLB,Solomon Islands,2021,exchange_rate,8.03010299104933
SLB,Solomon Islands,2020,exchange_rate,8.21341290967261
SLB,Solomon Islands,2019,exchange_rate,8.17339929777839
SLB,Solomon Islands,2018,exchange_rate,7.95250486131003
SLB,Solomon Islands,2017,exchange_rate,7.88739036909183
SLB,Solomon Islands,2016,exchange_rate,7.94815293778867
SLB,Solomon Islands,2015,exchange_rate,7.91468897735788
SOM,"Somalia, Fed. Rep.",2025,exchange_rate,
SOM,"Somalia, Fed. Rep.",2024,exchange_rate,
SOM,"Somalia, Fed. Rep.",2023,exchange_rate,
SOM,"Somalia, Fed. Rep.",2022,exchange_rate,
SOM,"Somalia, Fed. Rep.",2021,exchange_rate,
SOM,"Somalia, Fed. Rep.",2020,exchange_rate,
SOM,"Somalia, Fed. Rep.",2019,exchange_rate,
SOM,"Somalia, Fed. Rep.",2018,exchange_rate,
SOM,"Somalia, Fed. Rep.",2017,exchange_rate,23097.9873219373
SOM,"Somalia, Fed. Rep.",2016,exchange_rate,23061.7843138651
SOM,"Somalia, Fed. Rep.",2015,exchange_rate,22254.2356837607
ZAF,South Africa,2025,exchange_rate,17.8887489855833
ZAF,South Africa,2024,exchange_rate,18.3286575505
ZAF,South Africa,2023,exchange_rate,18.4502441785
ZAF,South Africa,2022,exchange_rate,16.3558534845
ZAF,South Africa,2021,exchange_rate,14.7786782139167
ZAF,South Africa,2020,exchange_rate,16.4591053903333
ZAF,South Africa,2019,exchange_rate,14.4484270548333
ZAF,South Africa,2018,exchange_rate,13.2339264715833
ZAF,South Africa,2017,exchange_rate,13.3238014244992
ZAF,South Africa,2016,exchange_rate,14.7096108855267
ZAF,South Africa,2015,exchange_rate,12.7589308811644
SSD,South Sudan,2025,exchange_rate,
SSD,South Sudan,2024,exchange_rate,2163.10387269883
SSD,South Sudan,2023,exchange_rate,930.331429534051
SSD,South Sudan,2022,exchange_rate,534.511188691756
SSD,South Sudan,2021,exchange_rate,306.354619937276
SSD,South Sudan,2020,exchange_rate,165.907316666667
SSD,South Sudan,2019,exchange_rate,157.999166666667
SSD,South Sudan,2018,exchange_rate,141.385833333333
SSD,South Sudan,2017,exchange_rate,113.6475
SSD,South Sudan,2016,exchange_rate,46.7291666666667
SSD,South Sudan,2015,exchange_rate,3.60416666666667
ESP,Spain,2025,exchange_rate,0.88496895841236
ESP,Spain,2024,exchange_rate,0.923889546117607
ESP,Spain,2023,exchange_rate,0.924839558470698
ESP,Spain,2022,exchange_rate,0.949623753156941
ESP,Spain,2021,exchange_rate,0.84549413889045
ESP,Spain,2020,exchange_rate,0.875506396987998
ESP,Spain,2019,exchange_rate,0.893276257067409
ESP,Spain,2018,exchange_rate,0.846772667108111
ESP,Spain,2017,exchange_rate,0.885205508269372
ESP,Spain,2016,exchange_rate,0.903421436257263
ESP,Spain,2015,exchange_rate,0.901296423367096
LKA,Sri Lanka,2025,exchange_rate,
LKA,Sri Lanka,2024,exchange_rate,
LKA,Sri Lanka,2023,exchange_rate,327.506533333333
LKA,Sri Lanka,2022,exchange_rate,322.632674256475
LKA,Sri Lanka,2021,exchange_rate,198.764316844656
LKA,Sri Lanka,2020,exchange_rate,185.592557772213
LKA,Sri Lanka,2019,exchange_rate,178.744925045848
LKA,Sri Lanka,2018,exchange_rate,162.464858736778
LKA,Sri Lanka,2017,exchange_rate,152.446413948767
LKA,Sri Lanka,2016,exchange_rate,145.581667492026
LKA,Sri Lanka,2015,exchange_rate,135.856912797089
KNA,St. Kitts and Nevis,2025,exchange_rate,2.7
KNA,St. Kitts and Nevis,2024,exchange_rate,2.7
KNA,St. Kitts and Nevis,2023,exchange_rate,2.7
KNA,St. Kitts and Nevis,2022,exchange_rate,2.7
KNA,St. Kitts and Nevis,2021,exchange_rate,2.7
KNA,St. Kitts and Nevis,2020,exchange_rate,2.7
KNA,St. Kitts and Nevis,2019,exchange_rate,2.7
KNA,St. Kitts and Nevis,2018,exchange_rate,2.7
KNA,St. Kitts and Nevis,2017,exchange_rate,2.7
KNA,St. Kitts and Nevis,2016,exchange_rate,2.7
KNA,St. Kitts and Nevis,2015,exchange_rate,2.7
LCA,St. Lucia,2025,exchange_rate,2.7
LCA,St. Lucia,2024,exchange_rate,2.7
LCA,St. Lucia,2023,exchange_rate,2.7
LCA,St. Lucia,2022,exchange_rate,2.7
LCA,St. Lucia,2021,exchange_rate,2.7
LCA,St. Lucia,2020,exchange_rate,2.7
LCA,St. Lucia,2019,exchange_rate,2.7
LCA,St. Lucia,2018,exchange_rate,2.7
LCA,St. Lucia,2017,exchange_rate,2.7
LCA,St. Lucia,2016,exchange_rate,2.7
LCA,St. Lucia,2015,exchange_rate,2.7
MAF,St. Martin (French part),2025,exchange_rate,0.88496895841236
MAF,St. Martin (French part),2024,exchange_rate,0.923889546117607
MAF,St. Martin (French part),2023,exchange_rate,0.924839558470698
MAF,St. Martin (French part),2022,exchange_rate,0.949623753156941
MAF,St. Martin (French part),2021,exchange_rate,0.84549413889045
MAF,St. Martin (French part),2020,exchange_rate,0.875506396987998
MAF,St. Martin (French part),2019,exchange_rate,0.893276257067409
MAF,St. Martin (French part),2018,exchange_rate,0.846772667108111
MAF,St. Martin (French part),2017,exchange_rate,0.885205508269372
MAF,St. Martin (French part),2016,exchange_rate,0.903421436257263
MAF,St. Martin (French part),2015,exchange_rate,0.901296423367096
VCT,St. Vincent and the Grenadines,2025,exchange_rate,2.7
VCT,St. Vincent and the Grenadines,2024,exchange_rate,2.7
VCT,St. Vincent and the Grenadines,2023,exchange_rate,2.7
VCT,St. Vincent and the Grenadines,2022,exchange_rate,2.7
VCT,St. Vincent and the Grenadines,2021,exchange_rate,2.7
VCT,St. Vincent and the Grenadines,2020,exchange_rate,2.7
VCT,St. Vincent and the Grenadines,2019,exchange_rate,2.7
VCT,St. Vincent and the Grenadines,2018,exchange_rate,2.7
VCT,St. Vincent and the Grenadines,2017,exchange_rate,2.7
VCT,St. Vincent and the Grenadines,2016,exchange_rate,2.7
VCT,St. Vincent and the Grenadines,2015,exchange_rate,2.7
SDN,Sudan,2025,exchange_rate,
SDN,Sudan,2024,exchange_rate,
SDN,Sudan,2023,exchange_rate,
SDN,Sudan,2022,exchange_rate,546.75885
SDN,Sudan,2021,exchange_rate,370.790583333333
SDN,Sudan,2020,exchange_rate,53.9960119047619
SDN,Sudan,2019,exchange_rate,45.7670454545455
SDN,Sudan,2018,exchange_rate,24.3289109018116
SDN,Sudan,2017,exchange_rate,6.68336
SDN,Sudan,2016,exchange_rate,6.21171364583333
SDN,Sudan,2015,exchange_rate,6.02573259791667
SUR,Suriname,2025,exchange_rate,37.2601791666667
SUR,Suriname,2024,exchange_rate,33.1805516666667
SUR,Suriname,2023,exchange_rate,36.7758691666667
SUR,Suriname,2022,exchange_rate,24.7091747565789
SUR,Suriname,2021,exchange_rate,18.2386666666667
SUR,Suriname,2020,exchange_rate,9.30954545454546
SUR,Suriname,2019,exchange_rate,7.458
SUR,Suriname,2018,exchange_rate,7.4625111984127
SUR,Suriname,2017,exchange_rate,7.487661125
SUR,Suriname,2016,exchange_rate,6.22863027848978
SUR,Suriname,2015,exchange_rate,3.41666666666667
SWE,Sweden,2025,exchange_rate,9.82070570950185
SWE,Sweden,2024,exchange_rate,10.5676364344775
SWE,Sweden,2023,exchange_rate,10.6101612965536
SWE,Sweden,2022,exchange_rate,10.114251277564
SWE,Sweden,2021,exchange_rate,8.57656671607378
SWE,Sweden,2020,exchange_rate,9.21030902842085
SWE,Sweden,2019,exchange_rate,9.45834916666667
SWE,Sweden,2018,exchange_rate,8.69251833333333
SWE,Sweden,2017,exchange_rate,8.54886083333333
SWE,Sweden,2016,exchange_rate,8.56199166666667
SWE,Sweden,2015,exchange_rate,8.43484083333333
CHE,Switzerland,2025,exchange_rate,0.831355833333334
CHE,Switzerland,2024,exchange_rate,0.880440833333333
CHE,Switzerland,2023,exchange_rate,0.89849
CHE,Switzerland,2022,exchange_rate,0.9548325
CHE,Switzerland,2021,exchange_rate,0.913845833333333
CHE,Switzerland,2020,exchange_rate,0.938965
CHE,Switzerland,2019,exchange_rate,0.993709166666667
CHE,Switzerland,2018,exchange_rate,0.977891666666667
CHE,Switzerland,2017,exchange_rate,0.984691666666667
CHE,Switzerland,2016,exchange_rate,0.985394394244835
CHE,Switzerland,2015,exchange_rate,0.962381328004354
SYR,Syrian Arab Republic,2025,exchange_rate,
SYR,Syrian Arab Republic,2024,exchange_rate,
SYR,Syrian Arab Republic,2023,exchange_rate,
SYR,Syrian Arab Republic,2022,exchange_rate,2505.74691085873
SYR,Syrian Arab Republic,2021,exchange_rate,1256.0
SYR,Syrian Arab Republic,2020,exchange_rate,877.945250896057
SYR,Syrian Arab Republic,2019,exchange_rate,436.5
SYR,Syrian Arab Republic,2018,exchange_rate,436.5
SYR,Syrian Arab Republic,2017,exchange_rate,492.610833333333
SYR,Syrian Arab Republic,2016,exchange_rate,460.275833333333
SYR,Syrian Arab Republic,2015,exchange_rate,237.029166666667
TJK,Tajikistan,2025,exchange_rate,10.0177083333333
TJK,Tajikistan,2024,exchange_rate,10.7994916666667
TJK,Tajikistan,2023,exchange_rate,10.844525
TJK,Tajikistan,2022,exchange_rate,11.031075
TJK,Tajikistan,2021,exchange_rate,11.30885
TJK,Tajikistan,2020,exchange_rate,10.3219416666667
TJK,Tajikistan,2019,exchange_rate,9.53036666666667
TJK,Tajikistan,2018,exchange_rate,9.15121666666667
TJK,Tajikistan,2017,exchange_rate,8.54974166666667
TJK,Tajikistan,2016,exchange_rate,7.835675
TJK,Tajikistan,2015,exchange_rate,6.16311666666667
TZA,Tanzania,2025,exchange_rate,
TZA,Tanzania,2024,exchange_rate,2597.90041666667
TZA,Tanzania,2023,exchange_rate,2383.04258333333
TZA,Tanzania,2022,exchange_rate,2303.03367612332
TZA,Tanzania,2021,exchange_rate,2297.76422623792
TZA,Tanzania,2020,exchange_rate,2294.14615050509
TZA,Tanzania,2019,exchange_rate,2288.20666666667
TZA,Tanzania,2018,exchange_rate,2263.78166666667
TZA,Tanzania,2017,exchange_rate,2228.85666666667
TZA,Tanzania,2016,exchange_rate,2177.08666666667
TZA,Tanzania,2015,exchange_rate,1991.39083333333
THA,Thailand,2025,exchange_rate,32.882809252867
THA,Thailand,2024,exchange_rate,35.2935380808081
THA,Thailand,2023,exchange_rate,34.8021885808364
THA,Thailand,2022,exchange_rate,35.0613502144776
THA,Thailand,2021,exchange_rate,31.9770934417717
THA,Thailand,2020,exchange_rate,31.2936732130832
THA,Thailand,2019,exchange_rate,31.0476057805499
THA,Thailand,2018,exchange_rate,32.3102257431458
THA,Thailand,2017,exchange_rate,33.9398110566858
THA,Thailand,2016,exchange_rate,35.2963833333333
THA,Thailand,2015,exchange_rate,34.2477166666667
TLS,Timor-Leste,2025,exchange_rate,1.0
TLS,Timor-Leste,2024,exchange_rate,1.0
TLS,Timor-Leste,2023,exchange_rate,1.0
TLS,Timor-Leste,2022,exchange_rate,1.0
TLS,Timor-Leste,2021,exchange_rate,1.0
TLS,Timor-Leste,2020,exchange_rate,1.0
TLS,Timor-Leste,2019,exchange_rate,1.0
TLS,Timor-Leste,2018,exchange_rate,1.0
TLS,Timor-Leste,2017,exchange_rate,1.0
TLS,Timor-Leste,2016,exchange_rate,1.0
TLS,Timor-Leste,2015,exchange_rate,1.0
TGO,Togo,2025,exchange_rate,581.92848104034
TGO,Togo,2024,exchange_rate,606.345297609063
TGO,Togo,2023,exchange_rate,606.569750165917
TGO,Togo,2022,exchange_rate,623.759700911182
TGO,Togo,2021,exchange_rate,554.530675033104
TGO,Togo,2020,exchange_rate,575.586004510945
TGO,Togo,2019,exchange_rate,585.911013180369
TGO,Togo,2018,exchange_rate,555.446458398226
TGO,Togo,2017,exchange_rate,580.656749587858
TGO,Togo,2016,exchange_rate,592.605615063022
TGO,Togo,2015,exchange_rate,591.21169798261
TON,Tonga,2025,exchange_rate,2.41052686435725
TON,Tonga,2024,exchange_rate,2.37304157408369
TON,Tonga,2023,exchange_rate,2.36369881809753
TON,Tonga,2022,exchange_rate,2.32792982731644
TON,Tonga,2021,exchange_rate,2.26495960050055
TON,Tonga,2020,exchange_rate,2.29956150787889
TON,Tonga,2019,exchange_rate,2.28948563032632
TON,Tonga,2018,exchange_rate,2.23657147594223
TON,Tonga,2017,exchange_rate,2.2059726971784
TON,Tonga,2016,exchange_rate,2.21566110422528
TON,Tonga,2015,exchange_rate,2.10576325744967
TTO,Trinidad and Tobago,2025,exchange_rate,6.74884660621027
TTO,Trinidad and Tobago,2024,exchange_rate,6.75012324870591
TTO,Trinidad and Tobago,2023,exchange_rate,6.75026237934502
TTO,Trinidad and Tobago,2022,exchange_rate,6.75412896099475
TTO,Trinidad and Tobago,2021,exchange_rate,6.75853004916294
TTO,Trinidad and Tobago,2020,exchange_rate,6.75105268711505
TTO,Trinidad and Tobago,2019,exchange_rate,6.7543266828632
TTO,Trinidad and Tobago,2018,exchange_rate,6.77075089824606
TTO,Trinidad and Tobago,2017,exchange_rate,6.779525
TTO,Trinidad and Tobago,2016,exchange_rate,6.66896666666667
TTO,Trinidad and Tobago,2015,exchange_rate,6.37744166666667
TUN,Tunisia,2025,exchange_rate,
TUN,Tunisia,2024,exchange_rate,3.10745
TUN,Tunisia,2023,exchange_rate,3.10616666666667
TUN,Tunisia,2022,exchange_rate,3.1036
TUN,Tunisia,2021,exchange_rate,2.79446666666667
TUN,Tunisia,2020,exchange_rate,2.81235833333333
TUN,Tunisia,2019,exchange_rate,2.93443333333333
TUN,Tunisia,2018,exchange_rate,2.64686666666667
TUN,Tunisia,2017,exchange_rate,2.419425
TUN,Tunisia,2016,exchange_rate,2.14803333333333
TUN,Tunisia,2015,exchange_rate,1.961625
TUR,Turkiye,2025,exchange_rate,39.4548130977983
TUR,Turkiye,2024,exchange_rate,32.8058614432703
TUR,Turkiye,2023,exchange_rate,23.7385661219918
TUR,Turkiye,2022,exchange_rate,16.5488604173067
TUR,Turkiye,2021,exchange_rate,8.85040754928315
TUR,Turkiye,2020,exchange_rate,7.00860541558522
TUR,Turkiye,2019,exchange_rate,5.67381930843574
TUR,Turkiye,2018,exchange_rate,4.82837014720942
TUR,Turkiye,2017,exchange_rate,3.64813263536867
TUR,Turkiye,2016,exchange_rate,3.02013474808043
TUR,Turkiye,2015,exchange_rate,2.72000852790578
TKM,Turkmenistan,2025,exchange_rate,
TKM,Turkmenistan,2024,exchange_rate,
TKM,Turkmenistan,2023,exchange_rate,
TKM,Turkmenistan,2022,exchange_rate,
TKM,Turkmenistan,2021,exchange_rate,
TKM,Turkmenistan,2020,exchange_rate,
TKM,Turkmenistan,2019,exchange_rate,
TKM,Turkmenistan,2018,exchange_rate,
TKM,Turkmenistan,2017,exchange_rate,
TKM,Turkmenistan,2016,exchange_rate,
TKM,Turkmenistan,2015,exchange_rate,
TCA,Turks and Caicos Islands,2025,exchange_rate,1.0
TCA,Turks and Caicos Islands,2024,exchange_rate,1.0
TCA,Turks and Caicos Islands,2023,exchange_rate,1.0
TCA,Turks and Caicos Islands,2022,exchange_rate,1.0
TCA,Turks and Caicos Islands,2021,exchange_rate,1.0
TCA,Turks and Caicos Islands,2020,exchange_rate,1.0
TCA,Turks and Caicos Islands,2019,exchange_rate,1.0
TCA,Turks and Caicos Islands,2018,exchange_rate,1.0
TCA,Turks and Caicos Islands,2017,exchange_rate,1.0
TCA,Turks and Caicos Islands,2016,exchange_rate,1.0
TCA,Turks and Caicos Islands,2015,exchange_rate,1.0
TUV,Tuvalu,2025,exchange_rate,1.5519978866485
TUV,Tuvalu,2024,exchange_rate,1.51535803855596
TUV,Tuvalu,2023,exchange_rate,1.50519106560509
TUV,Tuvalu,2022,exchange_rate,1.44166445896522
TUV,Tuvalu,2021,exchange_rate,1.33122425957081
TUV,Tuvalu,2020,exchange_rate,1.45308511847016
TUV,Tuvalu,2019,exchange_rate,1.43850654421382
TUV,Tuvalu,2018,exchange_rate,1.33841214646451
TUV,Tuvalu,2017,exchange_rate,1.30475807671592
TUV,Tuvalu,2016,exchange_rate,1.34521397601947
TUV,Tuvalu,2015,exchange_rate,1.33109026245502
UGA,Uganda,2025,exchange_rate,3602.98994206814
UGA,Uganda,2024,exchange_rate,3757.2625354215
UGA,Uganda,2023,exchange_rate,3726.14045997085
UGA,Uganda,2022,exchange_rate,3689.81738566862
UGA,Uganda,2021,exchange_rate,3587.05170733909
UGA,Uganda,2020,exchange_rate,3718.24892270924
UGA,Uganda,2019,exchange_rate,3704.04907169681
UGA,Uganda,2018,exchange_rate,3727.06899484612
UGA,Uganda,2017,exchange_rate,3611.22445804461
UGA,Uganda,2016,exchange_rate,3420.09800724736
UGA,Uganda,2015,exchange_rate,3240.64542033826
UKR,Ukraine,2025,exchange_rate,41.6890720433333
UKR,Ukraine,2024,exchange_rate,40.152082715
UKR,Ukraine,2023,exchange_rate,36.5738081166667
UKR,Ukraine,2022,exchange_rate,32.3423016
UKR,Ukraine,2021,exchange_rate,27.2861893833333
UKR,Ukraine,2020,exchange_rate,26.9575243833333
UKR,Ukraine,2019,exchange_rate,25.8455893333333
UKR,Ukraine,2018,exchange_rate,27.2004923333333
UKR,Ukraine,2017,exchange_rate,26.5966063
UKR,Ukraine,2016,exchange_rate,25.5513341166667
UKR,Ukraine,2015,exchange_rate,21.8446977666667
ARE,United Arab Emirates,2025,exchange_rate,3.6725
ARE,United Arab Emirates,2024,exchange_rate,3.6725
ARE,United Arab Emirates,2023,exchange_rate,3.6725
ARE,United Arab Emirates,2022,exchange_rate,3.6725
ARE,United Arab Emirates,2021,exchange_rate,3.6725
ARE,United Arab Emirates,2020,exchange_rate,3.6725
ARE,United Arab Emirates,2019,exchange_rate,3.6725
ARE,United Arab Emirates,2018,exchange_rate,3.6725
ARE,United Arab Emirates,2017,exchange_rate,3.6725
ARE,United Arab Emirates,2016,exchange_rate,3.6725
ARE,United Arab Emirates,2015,exchange_rate,3.6725
GBR,United Kingdom,2025,exchange_rate,0.759473957338608
GBR,United Kingdom,2024,exchange_rate,0.782414580986262
GBR,United Kingdom,2023,exchange_rate,0.804538906734353
GBR,United Kingdom,2022,exchange_rate,0.811301715827773
GBR,United Kingdom,2021,exchange_rate,0.727064944688323
GBR,United Kingdom,2020,exchange_rate,0.779999576697153
GBR,United Kingdom,2019,exchange_rate,0.783445110011929
GBR,United Kingdom,2018,exchange_rate,0.749531540259847
GBR,United Kingdom,2017,exchange_rate,0.776976682344123
GBR,United Kingdom,2016,exchange_rate,0.740634463697084
GBR,United Kingdom,2015,exchange_rate,0.654545478931426
USA,United States,2025,exchange_rate,1.0
USA,United States,2024,exchange_rate,1.0
USA,United States,2023,exchange_rate,1.0
USA,United States,2022,exchange_rate,1.0
USA,United States,2021,exchange_rate,1.0
USA,United States,2020,exchange_rate,1.0
USA,United States,2019,exchange_rate,1.0
USA,United States,2018,exchange_rate,1.0
USA,United States,2017,exchange_rate,1.0
USA,United States,2016,exchange_rate,1.0
USA,United States,2015,exchange_rate,1.0
URY,Uruguay,2025,exchange_rate,41.1909791666667
URY,Uruguay,2024,exchange_rate,40.2127875
URY,Uruguay,2023,exchange_rate,38.8239166666667
URY,Uruguay,2022,exchange_rate,41.1710833333333
URY,Uruguay,2021,exchange_rate,43.554575
URY,Uruguay,2020,exchange_rate,42.0132916666667
URY,Uruguay,2019,exchange_rate,35.255375
URY,Uruguay,2018,exchange_rate,30.7252583333333
URY,Uruguay,2017,exchange_rate,28.6764
URY,Uruguay,2016,exchange_rate,30.1626
URY,Uruguay,2015,exchange_rate,27.3273666666667
UZB,Uzbekistan,2025,exchange_rate,12579.3943476702
UZB,Uzbekistan,2024,exchange_rate,12652.2868209739
UZB,Uzbekistan,2023,exchange_rate,11734.8334198669
UZB,Uzbekistan,2022,exchange_rate,11050.145422363
UZB,Uzbekistan,2021,exchange_rate,10609.464390809
UZB,Uzbekistan,2020,exchange_rate,10054.2613341653
UZB,Uzbekistan,2019,exchange_rate,8836.7875
UZB,Uzbekistan,2018,exchange_rate,8069.60623655914
UZB,Uzbekistan,2017,exchange_rate,5113.87894595717
UZB,Uzbekistan,2016,exchange_rate,2965.25349937684
UZB,Uzbekistan,2015,exchange_rate,2567.98721339827
VUT,Vanuatu,2025,exchange_rate,
VUT,Vanuatu,2024,exchange_rate,119.165
VUT,Vanuatu,2023,exchange_rate,119.1125
VUT,Vanuatu,2022,exchange_rate,115.353916666667
VUT,Vanuatu,2021,exchange_rate,109.448333333333
VUT,Vanuatu,2020,exchange_rate,115.38
VUT,Vanuatu,2019,exchange_rate,114.7325
VUT,Vanuatu,2018,exchange_rate,110.165
VUT,Vanuatu,2017,exchange_rate,107.820833333333
VUT,Vanuatu,2016,exchange_rate,108.475
VUT,Vanuatu,2015,exchange_rate,108.989166666667
VEN,"Venezuela, RB",2025,exchange_rate,
VEN,"Venezuela, RB",2024,exchange_rate,
VEN,"Venezuela, RB",2023,exchange_rate,
VEN,"Venezuela, RB",2022,exchange_rate,
VEN,"Venezuela, RB",2021,exchange_rate,
VEN,"Venezuela, RB",2020,exchange_rate,
VEN,"Venezuela, RB",2019,exchange_rate,
VEN,"Venezuela, RB",2018,exchange_rate,
VEN,"Venezuela, RB",2017,exchange_rate,9.975
VEN,"Venezuela, RB",2016,exchange_rate,9.25734444444167
VEN,"Venezuela, RB",2015,exchange_rate,6.2842
VNM,Viet Nam,2025,exchange_rate,
VNM,Viet Nam,2024,exchange_rate,24164.8858333333
VNM,Viet Nam,2023,exchange_rate,23787.3191666667
VNM,Viet Nam,2022,exchange_rate,23271.2125
VNM,Viet Nam,2021,exchange_rate,23159.7825925926
VNM,Viet Nam,2020,exchange_rate,23208.3683333333
VNM,Viet Nam,2019,exchange_rate,23050.2416666667
VNM,Viet Nam,2018,exchange_rate,22602.05
VNM,Viet Nam,2017,exchange_rate,22370.0866666667
VNM,Viet Nam,2016,exchange_rate,21935.0008333333
VNM,Viet Nam,2015,exchange_rate,21697.5675
VIR,Virgin Islands (U.S.),2025,exchange_rate,1.0
VIR,Virgin Islands (U.S.),2024,exchange_rate,1.0
VIR,Virgin Islands (U.S.),2023,exchange_rate,1.0
VIR,Virgin Islands (U.S.),2022,exchange_rate,1.0
VIR,Virgin Islands (U.S.),2021,exchange_rate,1.0
VIR,Virgin Islands (U.S.),2020,exchange_rate,1.0
VIR,Virgin Islands (U.S.),2019,exchange_rate,1.0
VIR,Virgin Islands (U.S.),2018,exchange_rate,1.0
VIR,Virgin Islands (U.S.),2017,exchange_rate,1.0
VIR,Virgin Islands (U.S.),2016,exchange_rate,1.0
VIR,Virgin Islands (U.S.),2015,exchange_rate,1.0
PSE,West Bank and Gaza,2025,exchange_rate,
PSE,West Bank and Gaza,2024,exchange_rate,
PSE,West Bank and Gaza,2023,exchange_rate,
PSE,West Bank and Gaza,2022,exchange_rate,
PSE,West Bank and Gaza,2021,exchange_rate,
PSE,West Bank and Gaza,2020,exchange_rate,
PSE,West Bank and Gaza,2019,exchange_rate,
PSE,West Bank and Gaza,2018,exchange_rate,
PSE,West Bank and Gaza,2017,exchange_rate,
PSE,West Bank and Gaza,2016,exchange_rate,
PSE,West Bank and Gaza,2015,exchange_rate,
YEM,"Yemen, Rep.",2025,exchange_rate,
YEM,"Yemen, Rep.",2024,exchange_rate,
YEM,"Yemen, Rep.",2023,exchange_rate,1355.11637864823
YEM,"Yemen, Rep.",2022,exchange_rate,1115.00238710662
YEM,"Yemen, Rep.",2021,exchange_rate,1028.107754329
YEM,"Yemen, Rep.",2020,exchange_rate,743.005964356532
YEM,"Yemen, Rep.",2019,exchange_rate,486.730922939068
YEM,"Yemen, Rep.",2018,exchange_rate,214.89
YEM,"Yemen, Rep.",2017,exchange_rate,282.195
YEM,"Yemen, Rep.",2016,exchange_rate,283.895833333333
YEM,"Yemen, Rep.",2015,exchange_rate,230.833333333333
ZMB,Zambia,2025,exchange_rate,25.2756892021939
ZMB,Zambia,2024,exchange_rate,26.1664181859876
ZMB,Zambia,2023,exchange_rate,20.212017866195
ZMB,Zambia,2022,exchange_rate,16.9375943252989
ZMB,Zambia,2021,exchange_rate,20.0184865859688
ZMB,Zambia,2020,exchange_rate,18.3440926453379
ZMB,Zambia,2019,exchange_rate,12.89
ZMB,Zambia,2018,exchange_rate,10.4583333333333
ZMB,Zambia,2017,exchange_rate,9.5175
ZMB,Zambia,2016,exchange_rate,10.3075
ZMB,Zambia,2015,exchange_rate,8.63166666666667
ZWE,Zimbabwe,2025,exchange_rate,26.5961940841935
ZWE,Zimbabwe,2024,exchange_rate,3266.3319125
ZWE,Zimbabwe,2023,exchange_rate,3509.17222037558
ZWE,Zimbabwe,2022,exchange_rate,374.954362604663
ZWE,Zimbabwe,2021,exchange_rate,88.5524472597436
ZWE,Zimbabwe,2020,exchange_rate,51.3290131226287
ZWE,Zimbabwe,2019,exchange_rate,
ZWE,Zimbabwe,2018,exchange_rate,
ZWE,Zimbabwe,2017,exchange_rate,
ZWE,Zimbabwe,2016,exchange_rate,
ZWE,Zimbabwe,2015,exchange_rate,
AFE,Africa Eastern and Southern,2025,inflation,4.27011140706666
AFE,Africa Eastern and Southern,2024,inflation,4.77085731915833
AFE,Africa Eastern and Southern,2023,inflation,7.39918558080627
AFE,Africa Eastern and Southern,2022,inflation,10.8834775726018
AFE,Africa Eastern and Southern,2021,inflation,6.82472709282067
AFE,Africa Eastern and Southern,2020,inflation,5.19162942092851
AFE,Africa Eastern and Southern,2019,inflation,4.10285075461156
AFE,Africa Eastern and Southern,2018,inflation,4.6898064677633
AFE,Africa Eastern and Southern,2017,inflation,6.22137528933118
AFE,Africa Eastern and Southern,2016,inflation,6.44687722255584
AFE,Africa Eastern and Southern,2015,inflation,5.09856164363687
AFW,Africa Western and Central,2025,inflation,1.65781767585277
AFW,Africa Western and Central,2024,inflation,3.60804426950566
AFW,Africa Western and Central,2023,inflation,5.22116801324002
AFW,Africa Western and Central,2022,inflation,7.94925143524016
AFW,Africa Western and Central,2021,inflation,3.74556782333009
AFW,Africa Western and Central,2020,inflation,2.49037783931949
AFW,Africa Western and Central,2019,inflation,1.98309228487232
AFW,Africa Western and Central,2018,inflation,1.78404994832044
AFW,Africa Western and Central,2017,inflation,1.72548602374731
AFW,Africa Western and Central,2016,inflation,1.48741550755546
AFW,Africa Western and Central,2015,inflation,2.13081738058791
ARB,Arab World,2025,inflation,1.76646490894206
ARB,Arab World,2024,inflation,2.30890057183497
ARB,Arab World,2023,inflation,4.00025877060152
ARB,Arab World,2022,inflation,5.17222088647606
ARB,Arab World,2021,inflation,2.86833027751015
ARB,Arab World,2020,inflation,1.44703656998741
ARB,Arab World,2019,inflation,1.33601568147656
ARB,Arab World,2018,inflation,2.30874696703938
ARB,Arab World,2017,inflation,2.06932928164424
ARB,Arab World,2016,inflation,2.22799991129428
ARB,Arab World,2015,inflation,1.83135233156369
CSS,Caribbean small states,2025,inflation,1.21577537737425
CSS,Caribbean small states,2024,inflation,2.73620751873313
CSS,Caribbean small states,2023,inflation,4.10449281822017
CSS,Caribbean small states,2022,inflation,5.82838638517959
CSS,Caribbean small states,2021,inflation,2.22891330700344
CSS,Caribbean small states,2020,inflation,0.121434644614894
CSS,Caribbean small states,2019,inflation,1.00054293027237
CSS,Caribbean small states,2018,inflation,1.20715793367008
CSS,Caribbean small states,2017,inflation,1.6992957045984
CSS,Caribbean small states,2016,inflation,0.402621696824957
CSS,Caribbean small states,2015,inflation,-0.852705497033039
CEB,Central Europe and the Baltics,2025,inflation,3.81419531520146
CEB,Central Europe and the Baltics,2024,inflation,2.75760909424279
CEB,Central Europe and the Baltics,2023,inflation,9.44284140088564
CEB,Central Europe and the Baltics,2022,inflation,14.6081439492433
CEB,Central Europe and the Baltics,2021,inflation,3.83984491500146
CEB,Central Europe and the Baltics,2020,inflation,1.67244096855756
CEB,Central Europe and the Baltics,2019,inflation,2.6645613342544
CEB,Central Europe and the Baltics,2018,inflation,2.53445424186598
CEB,Central Europe and the Baltics,2017,inflation,2.07593553673859
CEB,Central Europe and the Baltics,2016,inflation,-0.0549995416705683
CEB,Central Europe and the Baltics,2015,inflation,-0.464499004645003
EAR,Early-demographic dividend,2025,inflation,3.20550474112603
EAR,Early-demographic dividend,2024,inflation,3.28955985952768
EAR,Early-demographic dividend,2023,inflation,5.88585897042164
EAR,Early-demographic dividend,2022,inflation,7.19861615609867
EAR,Early-demographic dividend,2021,inflation,4.12676744440695
EAR,Early-demographic dividend,2020,inflation,2.96354992076065
EAR,Early-demographic dividend,2019,inflation,2.76252019386111
EAR,Early-demographic dividend,2018,inflation,3.97561015740694
EAR,Early-demographic dividend,2017,inflation,3.32817337461305
EAR,Early-demographic dividend,2016,inflation,3.52317317628473
EAR,Early-demographic dividend,2015,inflation,3.12900274473925
EAS,East Asia & Pacific,2025,inflation,1.9133344329508
EAS,East Asia & Pacific,2024,inflation,2.27673550782623
EAS,East Asia & Pacific,2023,inflation,4.25155508842779
EAS,East Asia & Pacific,2022,inflation,5.51812928576938
EAS,East Asia & Pacific,2021,inflation,2.47710241465447
EAS,East Asia & Pacific,2020,inflation,0.846900734607273
EAS,East Asia & Pacific,2019,inflation,1.71437095763401
EAS,East Asia & Pacific,2018,inflation,2.368549058067
EAS,East Asia & Pacific,2017,inflation,1.80034222468621
EAS,East Asia & Pacific,2016,inflation,1.27699365720306
EAS,East Asia & Pacific,2015,inflation,0.795279630579839
EAP,East Asia & Pacific (excluding high income),2025,inflation,2.06264825470915
EAP,East Asia & Pacific (excluding high income),2024,inflation,2.18151273615189
EAP,East Asia & Pacific (excluding high income),2023,inflation,5.88585897042164
EAP,East Asia & Pacific (excluding high income),2022,inflation,5.66964369895446
EAP,East Asia & Pacific (excluding high income),2021,inflation,2.69891859529198
EAP,East Asia & Pacific (excluding high income),2020,inflation,2.40629214387011
EAP,East Asia & Pacific (excluding high income),2019,inflation,1.94257500833107
EAP,East Asia & Pacific (excluding high income),2018,inflation,3.19834755924996
EAP,East Asia & Pacific (excluding high income),2017,inflation,2.91263557371478
EAP,East Asia & Pacific (excluding high income),2016,inflation,1.91731090233378
EAP,East Asia & Pacific (excluding high income),2015,inflation,1.22393195511119
TEA,East Asia & Pacific (IDA & IBRD countries),2025,inflation,1.9133344329508
TEA,East Asia & Pacific (IDA & IBRD countries),2024,inflation,2.20662023268446
TEA,East Asia & Pacific (IDA & IBRD countries),2023,inflation,5.93194206291787
TEA,East Asia & Pacific (IDA & IBRD countries),2022,inflation,5.82115811213955
TEA,East Asia & Pacific (IDA & IBRD countries),2021,inflation,2.6124818577648
TEA,East Asia & Pacific (IDA & IBRD countries),2020,inflation,2.3931623931624
TEA,East Asia & Pacific (IDA & IBRD countries),2019,inflation,1.93321335810515
TEA,East Asia & Pacific (IDA & IBRD countries),2018,inflation,2.91740978470444
TEA,East Asia & Pacific (IDA & IBRD countries),2017,inflation,2.88291164981213
TEA,East Asia & Pacific (IDA & IBRD countries),2016,inflation,1.75711158908291
TEA,East Asia & Pacific (IDA & IBRD countries),2015,inflation,1.08648629940414
EMU,Euro area,2025,inflation,2.46705543774613
EMU,Euro area,2024,inflation,2.2564981433876
EMU,Euro area,2023,inflation,5.94643667725823
EMU,Euro area,2022,inflation,8.54686993188458
EMU,Euro area,2021,inflation,2.52692009066166
EMU,Euro area,2020,inflation,0.219064904841985
EMU,Euro area,2019,inflation,1.44565976888253
EMU,Euro area,2018,inflation,1.70349794744479
EMU,Euro area,2017,inflation,1.38145871407216
EMU,Euro area,2016,inflation,0.148684907627373
EMU,Euro area,2015,inflation,-0.104633261008479
ECS,Europe & Central Asia,2025,inflation,3.74577316751945
ECS,Europe & Central Asia,2024,inflation,2.75760909424279
ECS,Europe & Central Asia,2023,inflation,7.12042212089904
ECS,Europe & Central Asia,2022,inflation,11.1136121878761
ECS,Europe & Central Asia,2021,inflation,3.19017771027094
ECS,Europe & Central Asia,2020,inflation,1.19998396936019
ECS,Europe & Central Asia,2019,inflation,1.76373586528841
ECS,Europe & Central Asia,2018,inflation,2.01321972250342
ECS,Europe & Central Asia,2017,inflation,1.91558846458249
ECS,Europe & Central Asia,2016,inflation,0.388838296895799
ECS,Europe & Central Asia,2015,inflation,0.36804684232536
ECA,Europe & Central Asia (excluding high income),2025,inflation,5.62208788068338
ECA,Europe & Central Asia (excluding high income),2024,inflation,4.6705297488997
ECA,Europe & Central Asia (excluding high income),2023,inflation,9.07365149809048
ECA,Europe & Central Asia (excluding high income),2022,inflation,13.8875841659221
ECA,Europe & Central Asia (excluding high income),2021,inflation,6.91756771076075
ECA,Europe & Central Asia (excluding high income),2020,inflation,2.74615078213777
ECA,Europe & Central Asia (excluding high income),2019,inflation,2.64328192719554
ECA,Europe & Central Asia (excluding high income),2018,inflation,2.56572880132719
ECA,Europe & Central Asia (excluding high income),2017,inflation,4.60357355778867
ECA,Europe & Central Asia (excluding high income),2016,inflation,2.13492713939121
ECA,Europe & Central Asia (excluding high income),2015,inflation,4.02768573742726
TEC,Europe & Central Asia (IDA & IBRD countries),2025,inflation,5.10146571652018
TEC,Europe & Central Asia (IDA & IBRD countries),2024,inflation,4.23056936260083
TEC,Europe & Central Asia (IDA & IBRD countries),2023,inflation,9.36187249769015
TEC,Europe & Central Asia (IDA & IBRD countries),2022,inflation,13.8522590144267
TEC,Europe & Central Asia (IDA & IBRD countries),2021,inflation,5.10641129002836
TEC,Europe & Central Asia (IDA & IBRD countries),2020,inflation,2.73249209419427
TEC,Europe & Central Asia (IDA & IBRD countries),2019,inflation,2.67599202639893
TEC,Europe & Central Asia (IDA & IBRD countries),2018,inflation,2.611223782638
TEC,Europe & Central Asia (IDA & IBRD countries),2017,inflation,3.13106248590115
TEC,Europe & Central Asia (IDA & IBRD countries),2016,inflation,1.19887282892596
TEC,Europe & Central Asia (IDA & IBRD countries),2015,inflation,3.86763469978395
EUU,European Union,2025,inflation,2.46705543774613
EUU,European Union,2024,inflation,2.43531202435314
EUU,European Union,2023,inflation,6.29942487419125
EUU,European Union,2022,inflation,8.83369886749452
EUU,European Union,2021,inflation,2.55450699642041
EUU,European Union,2020,inflation,0.476498852725065
EUU,European Union,2019,inflation,1.63052260754335
EUU,European Union,2018,inflation,1.7386086198818
EUU,European Union,2017,inflation,1.42910743319306
EUU,European Union,2016,inflation,0.183334861123765
EUU,European Union,2015,inflation,-0.0616446800641672
HPC,Heavily indebted poor countries (HIPC),2025,inflation,3.40373458279055
HPC,Heavily indebted poor countries (HIPC),2024,inflation,4.60621098127101
HPC,Heavily indebted poor countries (HIPC),2023,inflation,7.12697482131851
HPC,Heavily indebted poor countries (HIPC),2022,inflation,9.65914753785069
HPC,Heavily indebted poor countries (HIPC),2021,inflation,4.37012190478157
HPC,Heavily indebted poor countries (HIPC),2020,inflation,3.47617372722187
HPC,Heavily indebted poor countries (HIPC),2019,inflation,2.83514555687506
HPC,Heavily indebted poor countries (HIPC),2018,inflation,3.01748181031406
HPC,Heavily indebted poor countries (HIPC),2017,inflation,4.5783374121255
HPC,Heavily indebted poor countries (HIPC),2016,inflation,4.38389195513915
HPC,Heavily indebted poor countries (HIPC),2015,inflation,3.55075967356746
,High income,2025,inflation,2.34898778499373
,High income,2024,inflation,2.38158383281173
,High income,2023,inflation,4.73151302622883
,High income,2022,inflation,7.53107834634288
,High income,2021,inflation,2.51837109614213
,High income,2020,inflation,0.598986330824643
,High income,2019,inflation,1.61520141548374
,High income,2018,inflation,1.88110755567036
,High income,2017,inflation,1.58909413567799
,High income,2016,inflation,0.394769306686392
,High income,2015,inflation,0.330027165141066
IBD,IBRD only,2025,inflation,3.68256369784336
IBD,IBRD only,2024,inflation,3.54713144937457
IBD,IBRD only,2023,inflation,5.87451911590197
IBD,IBRD only,2022,inflation,9.10437983075437
IBD,IBRD only,2021,inflation,4.27166381536798
IBD,IBRD only,2020,inflation,2.41513094083414
IBD,IBRD only,2019,inflation,2.51105615927257
IBD,IBRD only,2018,inflation,3.20720069534783
IBD,IBRD only,2017,inflation,3.32389447576097
IBD,IBRD only,2016,inflation,2.12081713361588
IBD,IBRD only,2015,inflation,3.09551722027242
IBT,IDA & IBRD total,2025,inflation,3.51074539609587
IBT,IDA & IBRD total,2024,inflation,3.62770736940927
IBT,IDA & IBRD total,2023,inflation,6.09114152504141
IBT,IDA & IBRD total,2022,inflation,9.08963911525032
IBT,IDA & IBRD total,2021,inflation,4.25936417542868
IBT,IDA & IBRD total,2020,inflation,2.8981937602627
IBT,IDA & IBRD total,2019,inflation,2.6806827895334
IBT,IDA & IBRD total,2018,inflation,3.08668284239473
IBT,IDA & IBRD total,2017,inflation,3.33787586109568
IBT,IDA & IBRD total,2016,inflation,2.81495791361944
IBT,IDA & IBRD total,2015,inflation,3.12900274473925
IDB,IDA blend,2025,inflation,2.40069559361747
IDB,IDA blend,2024,inflation,3.45053028131019
IDB,IDA blend,2023,inflation,4.56457719814894
IDB,IDA blend,2022,inflation,6.64110132423665
IDB,IDA blend,2021,inflation,3.46677876951929
IDB,IDA blend,2020,inflation,2.1039488213608
IDB,IDA blend,2019,inflation,1.9999797664804
IDB,IDA blend,2018,inflation,2.48030843191907
IDB,IDA blend,2017,inflation,1.14765339305816
IDB,IDA blend,2016,inflation,1.65038994431573
IDB,IDA blend,2015,inflation,1.37488542621447
IDX,IDA only,2025,inflation,3.55071913108936
IDX,IDA only,2024,inflation,4.25632834866278
IDX,IDA only,2023,inflation,7.12142371831339
IDX,IDA only,2022,inflation,9.57337118555953
IDX,IDA only,2021,inflation,4.37012190478157
IDX,IDA only,2020,inflation,3.94180326908065
IDX,IDA only,2019,inflation,3.09261003373251
IDX,IDA only,2018,inflation,3.01748181031406
IDX,IDA only,2017,inflation,4.31421134623784
IDX,IDA only,2016,inflation,3.74103082110771
IDX,IDA only,2015,inflation,3.40274327737188
IDA,IDA total,2025,inflation,3.36462189317825
IDA,IDA total,2024,inflation,3.89084237884105
IDA,IDA total,2023,inflation,7.10220928557059
IDA,IDA total,2022,inflation,8.6807215073403
IDA,IDA total,2021,inflation,4.17270582217659
IDA,IDA total,2020,inflation,3.47617372722187
IDA,IDA total,2019,inflation,2.74447528387472
IDA,IDA total,2018,inflation,2.84578376094084
IDA,IDA total,2017,inflation,3.85067166284727
IDA,IDA total,2016,inflation,3.21988689395718
IDA,IDA total,2015,inflation,3.15783117980915
LTE,Late-demographic dividend,2025,inflation,3.74577316751945
LTE,Late-demographic dividend,2024,inflation,2.90379501424778
LTE,Late-demographic dividend,2023,inflation,5.86910359896119
LTE,Late-demographic dividend,2022,inflation,9.10437983075437
LTE,Late-demographic dividend,2021,inflation,3.49505757399448
LTE,Late-demographic dividend,2020,inflation,1.93694126694223
LTE,Late-demographic dividend,2019,inflation,2.16993433856378
LTE,Late-demographic dividend,2018,inflation,2.4744634711843
LTE,Late-demographic dividend,2017,inflation,2.17727572689262
LTE,Late-demographic dividend,2016,inflation,1.10920805807027
LTE,Late-demographic dividend,2015,inflation,1.5579071134626
LCN,Latin America & Caribbean,2025,inflation,2.30758626602756
LCN,Latin America & Caribbean,2024,inflation,3.46497037946077
LCN,Latin America & Caribbean,2023,inflation,4.63202285403356
LCN,Latin America & Caribbean,2022,inflation,8.08552554700602
LCN,Latin America & Caribbean,2021,inflation,3.87805442411131
LCN,Latin America & Caribbean,2020,inflation,1.49389017299587
LCN,Latin America & Caribbean,2019,inflation,2.18225589066245
LCN,Latin America & Caribbean,2018,inflation,2.37951733360489
LCN,Latin America & Caribbean,2017,inflation,2.19201010962985
LCN,Latin America & Caribbean,2016,inflation,1.65038994431573
LCN,Latin America & Caribbean,2015,inflation,1.86148302863371
LAC,Latin America & Caribbean (excluding high income),2025,inflation,3.1702688841681
LAC,Latin America & Caribbean (excluding high income),2024,inflation,3.83540271728533
LAC,Latin America & Caribbean (excluding high income),2023,inflation,5.08677483158112
LAC,Latin America & Caribbean (excluding high income),2022,inflation,8.81109209279587
LAC,Latin America & Caribbean (excluding high income),2021,inflation,4.27166381536798
LAC,Latin America & Caribbean (excluding high income),2020,inflation,2.52663500084706
LAC,Latin America & Caribbean (excluding high income),2019,inflation,2.50460959460401
LAC,Latin America & Caribbean (excluding high income),2018,inflation,3.40250179472038
LAC,Latin America & Caribbean (excluding high income),2017,inflation,3.36296514855608
LAC,Latin America & Caribbean (excluding high income),2016,inflation,2.8217078474766
LAC,Latin America & Caribbean (excluding high income),2015,inflation,3.15783117980915
TLA,Latin America & the Caribbean (IDA & IBRD countries),2025,inflation,2.30758626602756
TLA,Latin America & the Caribbean (IDA & IBRD countries),2024,inflation,3.62770736940927
TLA,Latin America & the Caribbean (IDA & IBRD countries),2023,inflation,4.70881783212245
TLA,Latin America & the Caribbean (IDA & IBRD countries),2022,inflation,8.27477490232654
TLA,Latin America & the Caribbean (IDA & IBRD countries),2021,inflation,4.26105127422813
TLA,Latin America & the Caribbean (IDA & IBRD countries),2020,inflation,1.76751592356698
TLA,Latin America & the Caribbean (IDA & IBRD countries),2019,inflation,2.09604635327807
TLA,Latin America & the Caribbean (IDA & IBRD countries),2018,inflation,2.32414485367921
TLA,Latin America & the Caribbean (IDA & IBRD countries),2017,inflation,2.8227580554717
TLA,Latin America & the Caribbean (IDA & IBRD countries),2016,inflation,2.53781710390567
TLA,Latin America & the Caribbean (IDA & IBRD countries),2015,inflation,2.92482169718974
LDC,Least developed countries: UN classification,2025,inflation,3.36462189317825
LDC,Least developed countries: UN classification,2024,inflation,4.6850965426577
LDC,Least developed countries: UN classification,2023,inflation,7.12697482131851
LDC,Least developed countries: UN classification,2022,inflation,9.45801281304023
LDC,Least developed countries: UN classification,2021,inflation,4.15649125482107
LDC,Least developed countries: UN classification,2020,inflation,4.33296874711709
LDC,Least developed countries: UN classification,2019,inflation,3.32255881256925
LDC,Least developed countries: UN classification,2018,inflation,3.46147484973729
LDC,Least developed countries: UN classification,2017,inflation,4.5725365531752
LDC,Least developed countries: UN classification,2016,inflation,5.34414600997244
LDC,Least developed countries: UN classification,2015,inflation,3.40274327737188
LMY,Low & middle income,2025,inflation,3.54555214890893
LMY,Low & middle income,2024,inflation,3.83540271728533
LMY,Low & middle income,2023,inflation,6.15623852560203
LMY,Low & middle income,2022,inflation,8.81109209279587
LMY,Low & middle income,2021,inflation,4.25936417542868
LMY,Low & middle income,2020,inflation,3.02272119663759
LMY,Low & middle income,2019,inflation,2.76252019386111
LMY,Low & middle income,2018,inflation,3.24056932930569
LMY,Low & middle income,2017,inflation,3.66699702675925
LMY,Low & middle income,2016,inflation,3.10485077431451
LMY,Low & middle income,2015,inflation,3.1937715520338
,Low income,2025,inflation,4.3684695014615
,Low income,2024,inflation,7.91416611716344
,Low income,2023,inflation,8.5006507858837
,Low income,2022,inflation,10.2794018093421
,Low income,2021,inflation,5.81225118787715
,Low income,2020,inflation,5.60188791482224
,Low income,2019,inflation,3.10773229242274
,Low income,2018,inflation,3.43946902997592
,Low income,2017,inflation,8.44429373841891
,Low income,2016,inflation,6.03575858154679
,Low income,2015,inflation,5.54468891259779
,Lower middle income,2025,inflation,3.54630163142885
,Lower middle income,2024,inflation,4.65491747661456
,Lower middle income,2023,inflation,7.52710509155193
,Lower middle income,2022,inflation,7.96757361617945
,Lower middle income,2021,inflation,4.48087963413446
,Lower middle income,2020,inflation,4.97809676252309
,Lower middle income,2019,inflation,3.58213544469211
,Lower middle income,2018,inflation,4.29159105337875
,Lower middle income,2017,inflation,3.85067166284727
,Lower middle income,2016,inflation,3.62321431764138
,Lower middle income,2015,inflation,3.99737996694396
MEA,"Middle East, North Africa, Afghanistan & Pakistan",2025,inflation,2.08420853585036
MEA,"Middle East, North Africa, Afghanistan & Pakistan",2024,inflation,2.12615766885021
MEA,"Middle East, North Africa, Afghanistan & Pakistan",2023,inflation,4.22522603168918
MEA,"Middle East, North Africa, Afghanistan & Pakistan",2022,inflation,5.17222088647606
MEA,"Middle East, North Africa, Afghanistan & Pakistan",2021,inflation,2.86833027751015
MEA,"Middle East, North Africa, Afghanistan & Pakistan",2020,inflation,1.44703656998741
MEA,"Middle East, North Africa, Afghanistan & Pakistan",2019,inflation,1.33601568147656
MEA,"Middle East, North Africa, Afghanistan & Pakistan",2018,inflation,1.94579304594437
MEA,"Middle East, North Africa, Afghanistan & Pakistan",2017,inflation,2.06932928164424
MEA,"Middle East, North Africa, Afghanistan & Pakistan",2016,inflation,2.5395603776654
MEA,"Middle East, North Africa, Afghanistan & Pakistan",2015,inflation,1.6859921764201
MNA,"Middle East, North Africa, Afghanistan & Pakistan (excluding high income)",2025,inflation,2.69360940778798
MNA,"Middle East, North Africa, Afghanistan & Pakistan (excluding high income)",2024,inflation,4.04611455313434
MNA,"Middle East, North Africa, Afghanistan & Pakistan (excluding high income)",2023,inflation,6.09114152504141
MNA,"Middle East, North Africa, Afghanistan & Pakistan (excluding high income)",2022,inflation,8.30646124447623
MNA,"Middle East, North Africa, Afghanistan & Pakistan (excluding high income)",2021,inflation,5.21404940513043
MNA,"Middle East, North Africa, Afghanistan & Pakistan (excluding high income)",2020,inflation,2.41513094083414
MNA,"Middle East, North Africa, Afghanistan & Pakistan (excluding high income)",2019,inflation,2.65388100453608
MNA,"Middle East, North Africa, Afghanistan & Pakistan (excluding high income)",2018,inflation,4.36615064471282
MNA,"Middle East, North Africa, Afghanistan & Pakistan (excluding high income)",2017,inflation,4.64865184428512
MNA,"Middle East, North Africa, Afghanistan & Pakistan (excluding high income)",2016,inflation,3.69725926870481
MNA,"Middle East, North Africa, Afghanistan & Pakistan (excluding high income)",2015,inflation,2.04361764300244
TMN,"Middle East, North Africa, Afghanistan & Pakistan (IDA & IBRD)",2025,inflation,1.84166666666702
TMN,"Middle East, North Africa, Afghanistan & Pakistan (IDA & IBRD)",2024,inflation,3.32890533415537
TMN,"Middle East, North Africa, Afghanistan & Pakistan (IDA & IBRD)",2023,inflation,7.70665764216232
TMN,"Middle East, North Africa, Afghanistan & Pakistan (IDA & IBRD)",2022,inflation,8.78598837999588
TMN,"Middle East, North Africa, Afghanistan & Pakistan (IDA & IBRD)",2021,inflation,5.46019980671871
TMN,"Middle East, North Africa, Afghanistan & Pakistan (IDA & IBRD)",2020,inflation,3.73003191530476
TMN,"Middle East, North Africa, Afghanistan & Pakistan (IDA & IBRD)",2019,inflation,3.00538949390383
TMN,"Middle East, North Africa, Afghanistan & Pakistan (IDA & IBRD)",2018,inflation,4.46231108475481
TMN,"Middle East, North Africa, Afghanistan & Pakistan (IDA & IBRD)",2017,inflation,4.97595150553833
TMN,"Middle East, North Africa, Afghanistan & Pakistan (IDA & IBRD)",2016,inflation,3.7651191635658
TMN,"Middle East, North Africa, Afghanistan & Pakistan (IDA & IBRD)",2015,inflation,2.52932817254229
MIC,Middle income,2025,inflation,3.45723998944321
MIC,Middle income,2024,inflation,3.6045220384796
MIC,Middle income,2023,inflation,6.083192685419
MIC,Middle income,2022,inflation,8.32008377271927
MIC,Middle income,2021,inflation,4.14298201176246
MIC,Middle income,2020,inflation,2.65664643301128
MIC,Middle income,2019,inflation,2.72643037388832
MIC,Middle income,2018,inflation,3.24056932930569
MIC,Middle income,2017,inflation,3.32817337461305
MIC,Middle income,2016,inflation,2.66824816969082
MIC,Middle income,2015,inflation,3.12900274473925
NAC,North America,2025,inflation,
NAC,North America,2024,inflation,2.6655545188319
NAC,North America,2023,inflation,3.99766999081457
NAC,North America,2022,inflation,7.40280048696867
NAC,North America,2021,inflation,4.04652602445635
NAC,North America,2020,inflation,0.97529201430706
NAC,North America,2019,inflation,1.88073954968807
NAC,North America,2018,inflation,2.3554044847046
NAC,North America,2017,inflation,1.86349706609469
NAC,North America,2016,inflation,1.34517137635811
NAC,North America,2015,inflation,0.621934248247613
,Not classified,2025,inflation,
,Not classified,2024,inflation,
,Not classified,2023,inflation,
,Not classified,2022,inflation,
,Not classified,2021,inflation,
,Not classified,2020,inflation,
,Not classified,2019,inflation,
,Not classified,2018,inflation,
,Not classified,2017,inflation,
,Not classified,2016,inflation,
,Not classified,2015,inflation,
OED,OECD members,2025,inflation,2.8397963180572
OED,OECD members,2024,inflation,2.75237849043039
OED,OECD members,2023,inflation,5.67767862615429
OED,OECD members,2022,inflation,8.23803240697186
OED,OECD members,2021,inflation,2.81528975687994
OED,OECD members,2020,inflation,0.73285164517586
OED,OECD members,2019,inflation,1.74071267870181
OED,OECD members,2018,inflation,1.93246766472803
OED,OECD members,2017,inflation,1.82264336059067
OED,OECD members,2016,inflation,0.443258157565783
OED,OECD members,2015,inflation,0.338705695410168
OSS,Other small states,2025,inflation,2.8063054227931
OSS,Other small states,2024,inflation,2.08742660145219
OSS,Other small states,2023,inflation,5.51293808804143
OSS,Other small states,2022,inflation,7.46811935414937
OSS,Other small states,2021,inflation,2.4284453278932
OSS,Other small states,2020,inflation,0.712593443137932
OSS,Other small states,2019,inflation,1.6420600176894
OSS,Other small states,2018,inflation,2.611223782638
OSS,Other small states,2017,inflation,1.76041559180605
OSS,Other small states,2016,inflation,0.642702771527304
OSS,Other small states,2015,inflation,0.953206658777607
PSS,Pacific island small states,2025,inflation,1.43420860934971
PSS,Pacific island small states,2024,inflation,2.45545072159028
PSS,Pacific island small states,2023,inflation,7.92164684826777
PSS,Pacific island small states,2022,inflation,6.37906506708423
PSS,Pacific island small states,2021,inflation,2.47788271992717
PSS,Pacific island small states,2020,inflation,0.386388224517504
PSS,Pacific island small states,2019,inflation,1.40719939417024
PSS,Pacific island small states,2018,inflation,2.89621932270298
PSS,Pacific island small states,2017,inflation,1.58394248575812
PSS,Pacific island small states,2016,inflation,1.07339388853343
PSS,Pacific island small states,2015,inflation,0.648242939254492
PST,Post-demographic dividend,2025,inflation,2.37284807226549
PST,Post-demographic dividend,2024,inflation,2.44091572720697
PST,Post-demographic dividend,2023,inflation,5.06713865364213
PST,Post-demographic dividend,2022,inflation,7.87737003690613
PST,Post-demographic dividend,2021,inflation,2.50835221473776
PST,Post-demographic dividend,2020,inflation,0.632267331911716
PST,Post-demographic dividend,2019,inflation,1.61963190184048
PST,Post-demographic dividend,2018,inflation,1.7386086198818
PST,Post-demographic dividend,2017,inflation,1.73079959118896
PST,Post-demographic dividend,2016,inflation,0.607397074641719
PST,Post-demographic dividend,2015,inflation,0.36804684232536
PRE,Pre-demographic dividend,2025,inflation,3.27823540357584
PRE,Pre-demographic dividend,2024,inflation,4.19081721344523
PRE,Pre-demographic dividend,2023,inflation,7.10220928557059
PRE,Pre-demographic dividend,2022,inflation,8.77567482988523
PRE,Pre-demographic dividend,2021,inflation,4.22278962033194
PRE,Pre-demographic dividend,2020,inflation,3.39862928518853
PRE,Pre-demographic dividend,2019,inflation,2.56908784664759
PRE,Pre-demographic dividend,2018,inflation,2.80203783510174
PRE,Pre-demographic dividend,2017,inflation,4.5783374121255
PRE,Pre-demographic dividend,2016,inflation,4.38389195513915
PRE,Pre-demographic dividend,2015,inflation,3.25472688117631
SST,Small states,2025,inflation,2.25357866335894
SST,Small states,2024,inflation,2.34358922540366
SST,Small states,2023,inflation,5.06713865364213
SST,Small states,2022,inflation,6.27689319447544
SST,Small states,2021,inflation,2.41070312174393
SST,Small states,2020,inflation,0.598986330824643
SST,Small states,2019,inflation,1.30544966502392
SST,Small states,2018,inflation,2.13062774274025
SST,Small states,2017,inflation,1.74989677484705
SST,Small states,2016,inflation,0.644075340346552
SST,Small states,2015,inflation,0.552796026277853
SAS,South Asia,2025,inflation,3.10423966443212
SAS,South Asia,2024,inflation,3.72320611944934
SAS,South Asia,2023,inflation,6.38250790219375
SAS,South Asia,2022,inflation,7.18461996730069
SAS,South Asia,2021,inflation,5.33853088974918
SAS,South Asia,2020,inflation,5.6602199868936
SAS,South Asia,2019,inflation,3.62894965885467
SAS,South Asia,2018,inflation,3.33139516437678
SAS,South Asia,2017,inflation,4.14162852223217
SAS,South Asia,2016,inflation,4.45355240327602
SAS,South Asia,2015,inflation,4.72755869604727
TSA,South Asia (IDA & IBRD),2025,inflation,3.10423966443212
TSA,South Asia (IDA & IBRD),2024,inflation,3.72320611944934
TSA,South Asia (IDA & IBRD),2023,inflation,6.38250790219375
TSA,South Asia (IDA & IBRD),2022,inflation,7.18461996730069
TSA,South Asia (IDA & IBRD),2021,inflation,5.33853088974918
TSA,South Asia (IDA & IBRD),2020,inflation,5.6602199868936
TSA,South Asia (IDA & IBRD),2019,inflation,3.62894965885467
TSA,South Asia (IDA & IBRD),2018,inflation,3.33139516437678
TSA,South Asia (IDA & IBRD),2017,inflation,4.14162852223217
TSA,South Asia (IDA & IBRD),2016,inflation,4.45355240327602
TSA,South Asia (IDA & IBRD),2015,inflation,4.72755869604727
SSF,Sub-Saharan Africa,2025,inflation,3.40373458279055
SSF,Sub-Saharan Africa,2024,inflation,4.30009584697999
SSF,Sub-Saharan Africa,2023,inflation,6.69759990789845
SSF,Sub-Saharan Africa,2022,inflation,9.45801281304023
SSF,Sub-Saharan Africa,2021,inflation,4.43905481215002
SSF,Sub-Saharan Africa,2020,inflation,3.39862928518853
SSF,Sub-Saharan Africa,2019,inflation,2.867588034469
SSF,Sub-Saharan Africa,2018,inflation,3.91133439990729
SSF,Sub-Saharan Africa,2017,inflation,5.18618655524149
SSF,Sub-Saharan Africa,2016,inflation,5.30264297710325
SSF,Sub-Saharan Africa,2015,inflation,3.47238752883652
SSA,Sub-Saharan Africa (excluding high income),2025,inflation,3.45723998944321
SSA,Sub-Saharan Africa (excluding high income),2024,inflation,4.36115246518962
SSA,Sub-Saharan Africa (excluding high income),2023,inflation,7.05298238454736
SSA,Sub-Saharan Africa (excluding high income),2022,inflation,9.52526628622843
SSA,Sub-Saharan Africa (excluding high income),2021,inflation,4.25936417542868
SSA,Sub-Saharan Africa (excluding high income),2020,inflation,3.48393567493204
SSA,Sub-Saharan Africa (excluding high income),2019,inflation,3.10773229242274
SSA,Sub-Saharan Africa (excluding high income),2018,inflation,4.09297819300637
SSA,Sub-Saharan Africa (excluding high income),2017,inflation,5.19795180719179
SSA,Sub-Saharan Africa (excluding high income),2016,inflation,5.43051966119156
SSA,Sub-Saharan Africa (excluding high income),2015,inflation,3.39401538410559
TSS,Sub-Saharan Africa (IDA & IBRD countries),2025,inflation,3.40373458279055
TSS,Sub-Saharan Africa (IDA & IBRD countries),2024,inflation,4.30009584697999
TSS,Sub-Saharan Africa (IDA & IBRD countries),2023,inflation,6.69759990789845
TSS,Sub-Saharan Africa (IDA & IBRD countries),2022,inflation,9.45801281304023
TSS,Sub-Saharan Africa (IDA & IBRD countries),2021,inflation,4.43905481215002
TSS,Sub-Saharan Africa (IDA & IBRD countries),2020,inflation,3.39862928518853
TSS,Sub-Saharan Africa (IDA & IBRD countries),2019,inflation,2.867588034469
TSS,Sub-Saharan Africa (IDA & IBRD countries),2018,inflation,3.91133439990729
TSS,Sub-Saharan Africa (IDA & IBRD countries),2017,inflation,5.18618655524149
TSS,Sub-Saharan Africa (IDA & IBRD countries),2016,inflation,5.30264297710325
TSS,Sub-Saharan Africa (IDA & IBRD countries),2015,inflation,3.47238752883652
,Upper middle income,2025,inflation,3.20550474112603
,Upper middle income,2024,inflation,3.18188924237472
,Upper middle income,2023,inflation,5.0341072621757
,Upper middle income,2022,inflation,8.81109209279587
,Upper middle income,2021,inflation,3.92718022100332
,Upper middle income,2020,inflation,1.8903591682421
,Upper middle income,2019,inflation,1.93780995920407
,Upper middle income,2018,inflation,3.12170076631027
,Upper middle income,2017,inflation,3.31608762172158
,Upper middle income,2016,inflation,2.04528420858843
,Upper middle income,2015,inflation,1.78640243954172
WLD,World,2025,inflation,3.0414132155654
WLD,World,2024,inflation,3.01447576977999
WLD,World,2023,inflation,5.79944107391962
WLD,World,2022,inflation,8.08169507021982
WLD,World,2021,inflation,3.47540320289875
WLD,World,2020,inflation,1.90509722047501
WLD,World,2019,inflation,2.20607305781525
WLD,World,2018,inflation,2.44258329692817
WLD,World,2017,inflation,2.22314331448899
WLD,World,2016,inflation,1.59691227583204
WLD,World,2015,inflation,1.43702380935655
AFG,Afghanistan,2025,inflation,
AFG,Afghanistan,2024,inflation,-6.60118564073726
AFG,Afghanistan,2023,inflation,-4.64470870797775
AFG,Afghanistan,2022,inflation,13.7121023720065
AFG,Afghanistan,2021,inflation,5.13320340824963
AFG,Afghanistan,2020,inflation,5.60188791482224
AFG,Afghanistan,2019,inflation,2.30237251516834
AFG,Afghanistan,2018,inflation,0.626149149168847
AFG,Afghanistan,2017,inflation,4.97595150553833
AFG,Afghanistan,2016,inflation,4.38389195513915
AFG,Afghanistan,2015,inflation,-0.661709164713742
ALB,Albania,2025,inflation,2.14618551167388
ALB,Albania,2024,inflation,2.21587375089992
ALB,Albania,2023,inflation,4.75834555150038
ALB,Albania,2022,inflation,6.72520271530059
ALB,Albania,2021,inflation,2.04147163139545
ALB,Albania,2020,inflation,1.62088661717021
ALB,Albania,2019,inflation,1.41109078954242
ALB,Albania,2018,inflation,2.02805963071135
ALB,Albania,2017,inflation,1.98666133171194
ALB,Albania,2016,inflation,1.27543168367423
ALB,Albania,2015,inflation,1.89617402592356
DZA,Algeria,2025,inflation,1.41835151429016
DZA,Algeria,2024,inflation,4.04611455313434
DZA,Algeria,2023,inflation,9.32217375928322
DZA,Algeria,2022,inflation,9.26551551551553
DZA,Algeria,2021,inflation,7.22606307415477
DZA,Algeria,2020,inflation,2.41513094083414
DZA,Algeria,2019,inflation,1.95176821052892
DZA,Algeria,2018,inflation,4.26999020467084
DZA,Algeria,2017,inflation,5.59111590961664
DZA,Algeria,2016,inflation,6.39769480268757
DZA,Algeria,2015,inflation,4.78444700693889
ASM,American Samoa,2025,inflation,
ASM,American Samoa,2024,inflation,
ASM,American Samoa,2023,inflation,
ASM,American Samoa,2022,inflation,
ASM,American Samoa,2021,inflation,
ASM,American Samoa,2020,inflation,
ASM,American Samoa,2019,inflation,
ASM,American Samoa,2018,inflation,
ASM,American Samoa,2017,inflation,
ASM,American Samoa,2016,inflation,
ASM,American Samoa,2015,inflation,
AND,Andorra,2025,inflation,
AND,Andorra,2024,inflation,
AND,Andorra,2023,inflation,
AND,Andorra,2022,inflation,
AND,Andorra,2021,inflation,
AND,Andorra,2020,inflation,
AND,Andorra,2019,inflation,
AND,Andorra,2018,inflation,
AND,Andorra,2017,inflation,
AND,Andorra,2016,inflation,
AND,Andorra,2015,inflation,
AGO,Angola,2025,inflation,20.1620197572331
AGO,Angola,2024,inflation,28.2404948915772
AGO,Angola,2023,inflation,13.6441017767715
AGO,Angola,2022,inflation,21.3552901320822
AGO,Angola,2021,inflation,25.7542948841891
AGO,Angola,2020,inflation,22.271539247051
AGO,Angola,2019,inflation,17.080954143438
AGO,Angola,2018,inflation,19.6289379701521
AGO,Angola,2017,inflation,29.8444799015679
AGO,Angola,2016,inflation,30.6944150806719
AGO,Angola,2015,inflation,9.35597215533784
ATG,Antigua and Barbuda,2025,inflation,1.36873527521954
ATG,Antigua and Barbuda,2024,inflation,6.19886698842116
ATG,Antigua and Barbuda,2023,inflation,5.06713865364213
ATG,Antigua and Barbuda,2022,inflation,7.53107834634288
ATG,Antigua and Barbuda,2021,inflation,2.06299638545334
ATG,Antigua and Barbuda,2020,inflation,0.625989707046719
ATG,Antigua and Barbuda,2019,inflation,1.43135598182984
ATG,Antigua and Barbuda,2018,inflation,1.20715793367008
ATG,Antigua and Barbuda,2017,inflation,2.43248789041363
ATG,Antigua and Barbuda,2016,inflation,-0.489437796230499
ATG,Antigua and Barbuda,2015,inflation,0.968993458825638
ARG,Argentina,2025,inflation,
ARG,Argentina,2024,inflation,219.883929014578
ARG,Argentina,2023,inflation,133.488935594175
ARG,Argentina,2022,inflation,72.430757531824
ARG,Argentina,2021,inflation,48.4093786255199
ARG,Argentina,2020,inflation,42.0150947376509
ARG,Argentina,2019,inflation,53.5483043492339
ARG,Argentina,2018,inflation,34.2772237131003
ARG,Argentina,2017,inflation,
ARG,Argentina,2016,inflation,
ARG,Argentina,2015,inflation,
ARM,Armenia,2025,inflation,3.30693341072904
ARM,Armenia,2024,inflation,0.269511978259125
ARM,Armenia,2023,inflation,1.98041877615554
ARM,Armenia,2022,inflation,8.64091108973855
ARM,Armenia,2021,inflation,7.18483629443371
ARM,Armenia,2020,inflation,1.21143577838465
ARM,Armenia,2019,inflation,1.44344660770698
ARM,Armenia,2018,inflation,2.52023382001638
ARM,Armenia,2017,inflation,0.969553268816138
ARM,Armenia,2016,inflation,-1.403607559009
ARM,Armenia,2015,inflation,3.73169119261693
ABW,Aruba,2025,inflation,
ABW,Aruba,2024,inflation,
ABW,Aruba,2023,inflation,
ABW,Aruba,2022,inflation,
ABW,Aruba,2021,inflation,
ABW,Aruba,2020,inflation,
ABW,Aruba,2019,inflation,4.25746204335427
ABW,Aruba,2018,inflation,3.6260414135296
ABW,Aruba,2017,inflation,-1.02828178762012
ABW,Aruba,2016,inflation,-0.93119598707956
ABW,Aruba,2015,inflation,0.474763597342641
AUS,Australia,2025,inflation,2.87403791660173
AUS,Australia,2024,inflation,3.16656665428797
AUS,Australia,2023,inflation,5.59701792296707
AUS,Australia,2022,inflation,6.59409658717841
AUS,Australia,2021,inflation,2.86391284709318
AUS,Australia,2020,inflation,0.846900734607273
AUS,Australia,2019,inflation,1.610770929127
AUS,Australia,2018,inflation,1.91140002818579
AUS,Australia,2017,inflation,1.94864309065653
AUS,Australia,2016,inflation,1.27699365720306
AUS,Australia,2015,inflation,1.50836803138463
AUT,Austria,2025,inflation,3.52719439956928
AUT,Austria,2024,inflation,2.93791574279376
AUT,Austria,2023,inflation,7.81413417002831
AUT,Austria,2022,inflation,8.54686993188458
AUT,Austria,2021,inflation,2.7666666666667
AUT,Austria,2020,inflation,1.38191063351854
AUT,Austria,2019,inflation,1.53089564152644
AUT,Austria,2018,inflation,1.99837981429549
AUT,Austria,2017,inflation,2.08126911385587
AUT,Austria,2016,inflation,0.891591752655362
AUT,Austria,2015,inflation,0.89656333526032
AZE,Azerbaijan,2025,inflation,5.62208788068338
AZE,Azerbaijan,2024,inflation,2.21217188919901
AZE,Azerbaijan,2023,inflation,8.78543049849081
AZE,Azerbaijan,2022,inflation,13.8522590144267
AZE,Azerbaijan,2021,inflation,6.65029912708779
AZE,Azerbaijan,2020,inflation,2.75980947008127
AZE,Azerbaijan,2019,inflation,2.61057182799215
AZE,Azerbaijan,2018,inflation,2.26854690373999
AZE,Azerbaijan,2017,inflation,12.9359184187335
AZE,Azerbaijan,2016,inflation,12.4433748584372
AZE,Azerbaijan,2015,inflation,4.02768573742726
BHS,"Bahamas, The",2025,inflation,
BHS,"Bahamas, The",2024,inflation,0.409162489083286
BHS,"Bahamas, The",2023,inflation,3.05291578969743
BHS,"Bahamas, The",2022,inflation,5.60540633583044
BHS,"Bahamas, The",2021,inflation,2.90491262928478
BHS,"Bahamas, The",2020,inflation,0.0385210980054558
BHS,"Bahamas, The",2019,inflation,2.49123527368046
BHS,"Bahamas, The",2018,inflation,2.26586346678736
BHS,"Bahamas, The",2017,inflation,1.51820700736147
BHS,"Bahamas, The",2016,inflation,-0.346376929989397
BHS,"Bahamas, The",2015,inflation,1.86148302863371
BHR,Bahrain,2025,inflation,-0.137708855447902
BHR,Bahrain,2024,inflation,0.919635459817651
BHR,Bahrain,2023,inflation,0.0746206782192256
BHR,Bahrain,2022,inflation,3.62574104304482
BHR,Bahrain,2021,inflation,-0.60631938514085
BHR,Bahrain,2020,inflation,-2.31770629331379
BHR,Bahrain,2019,inflation,1.00582004702137
BHR,Bahrain,2018,inflation,2.08766938046978
BHR,Bahrain,2017,inflation,1.38671830576406
BHR,Bahrain,2016,inflation,2.78679347602044
BHR,Bahrain,2015,inflation,1.84862742374977
BGD,Bangladesh,2025,inflation,8.7687628116114
BGD,Bangladesh,2024,inflation,10.4657482763412
BGD,Bangladesh,2023,inflation,9.8835030377921
BGD,Bangladesh,2022,inflation,7.69695437176898
BGD,Bangladesh,2021,inflation,5.54565430773473
BGD,Bangladesh,2020,inflation,5.69107474746211
BGD,Bangladesh,2019,inflation,5.59199639930629
BGD,Bangladesh,2018,inflation,5.54362139486476
BGD,Bangladesh,2017,inflation,5.70207015717239
BGD,Bangladesh,2016,inflation,5.51352572692995
BGD,Bangladesh,2015,inflation,6.19428022984984
BRB,Barbados,2025,inflation,0.846576563196289
BRB,Barbados,2024,inflation,1.4464366430616
BRB,Barbados,2023,inflation,3.18718905472632
BRB,Barbados,2022,inflation,
BRB,Barbados,2021,inflation,
BRB,Barbados,2020,inflation,
BRB,Barbados,2019,inflation,1.67662473276988
BRB,Barbados,2018,inflation,3.1060057242059
BRB,Barbados,2017,inflation,4.66018463955995
BRB,Barbados,2016,inflation,1.28192813061895
BRB,Barbados,2015,inflation,-1.11278992510958
BLR,Belarus,2025,inflation,6.59877945951182
BLR,Belarus,2024,inflation,5.78531910428005
BLR,Belarus,2023,inflation,5.0005990309131
BLR,Belarus,2022,inflation,15.209675274081
BLR,Belarus,2021,inflation,9.46028389623099
BLR,Belarus,2020,inflation,5.54814357456519
BLR,Belarus,2019,inflation,5.59815595039848
BLR,Belarus,2018,inflation,4.87230220550686
BLR,Belarus,2017,inflation,6.03183725177795
BLR,Belarus,2016,inflation,11.8365807653497
BLR,Belarus,2015,inflation,13.5344897649734
BEL,Belgium,2025,inflation,2.46705543774613
BEL,Belgium,2024,inflation,3.14349136500041
BEL,Belgium,2023,inflation,4.04901077613941
BEL,Belgium,2022,inflation,9.597511728725
BEL,Belgium,2021,inflation,2.44024851144084
BEL,Belgium,2020,inflation,0.740791812220344
BEL,Belgium,2019,inflation,1.43681956996438
BEL,Belgium,2018,inflation,2.05316499865178
BEL,Belgium,2017,inflation,2.12597086002616
BEL,Belgium,2016,inflation,1.97385264653163
BEL,Belgium,2015,inflation,0.561429152790158
BLZ,Belize,2025,inflation,1.06281547952896
BLZ,Belize,2024,inflation,3.28955985952768
BLZ,Belize,2023,inflation,4.38984017487675
BLZ,Belize,2022,inflation,6.27689319447544
BLZ,Belize,2021,inflation,3.23563659237071
BLZ,Belize,2020,inflation,0.121434644614894
BLZ,Belize,2019,inflation,0.187069385181424
BLZ,Belize,2018,inflation,0.269982622646335
BLZ,Belize,2017,inflation,1.14765339305816
BLZ,Belize,2016,inflation,0.663427167917601
BLZ,Belize,2015,inflation,-0.861584009427748
BEN,Benin,2025,inflation,1.10155247902978
BEN,Benin,2024,inflation,1.16093089640415
BEN,Benin,2023,inflation,2.73870078406075
BEN,Benin,2022,inflation,1.35077863583527
BEN,Benin,2021,inflation,1.73353962694036
BEN,Benin,2020,inflation,3.02272119663759
BEN,Benin,2019,inflation,0.732849371241066
BEN,Benin,2018,inflation,0.919170717886054
BEN,Benin,2017,inflation,0.0432648555103608
BEN,Benin,2016,inflation,-0.793310145785624
BEN,Benin,2015,inflation,0.218785923536245
BMU,Bermuda,2025,inflation,
BMU,Bermuda,2024,inflation,
BMU,Bermuda,2023,inflation,
BMU,Bermuda,2022,inflation,
BMU,Bermuda,2021,inflation,
BMU,Bermuda,2020,inflation,
BMU,Bermuda,2019,inflation,
BMU,Bermuda,2018,inflation,
BMU,Bermuda,2017,inflation,
BMU,Bermuda,2016,inflation,
BMU,Bermuda,2015,inflation,
BTN,Bhutan,2025,inflation,3.55513663074987
BTN,Bhutan,2024,inflation,2.76131569624098
BTN,Bhutan,2023,inflation,4.22934419929251
BTN,Bhutan,2022,inflation,5.6391667139637
BTN,Bhutan,2021,inflation,7.3468144053353
BTN,Bhutan,2020,inflation,5.62936522632508
BTN,Bhutan,2019,inflation,2.72643037388832
BTN,Bhutan,2018,inflation,2.72396386183713
BTN,Bhutan,2017,inflation,4.95508366985129
BTN,Bhutan,2016,inflation,3.21988689395718
BTN,Bhutan,2015,inflation,4.54814395082205
BOL,Bolivia,2025,inflation,19.517120804733
BOL,Bolivia,2024,inflation,5.09976568317427
BOL,Bolivia,2023,inflation,2.57688800489192
BOL,Bolivia,2022,inflation,1.74632872945969
BOL,Bolivia,2021,inflation,0.737383721452275
BOL,Bolivia,2020,inflation,0.940742153381849
BOL,Bolivia,2019,inflation,1.83954504969026
BOL,Bolivia,2018,inflation,2.27205987230155
BOL,Bolivia,2017,inflation,2.8227580554717
BOL,Bolivia,2016,inflation,3.62321431764138
BOL,Bolivia,2015,inflation,4.05961041135645
BIH,Bosnia and Herzegovina,2025,inflation,
BIH,Bosnia and Herzegovina,2024,inflation,
BIH,Bosnia and Herzegovina,2023,inflation,6.1059011284828
BIH,Bosnia and Herzegovina,2022,inflation,14.0208440826771
BIH,Bosnia and Herzegovina,2021,inflation,1.98163900587622
BIH,Bosnia and Herzegovina,2020,inflation,-1.0512960076349
BIH,Bosnia and Herzegovina,2019,inflation,0.56278215406123
BIH,Bosnia and Herzegovina,2018,inflation,1.41710814018034
BIH,Bosnia and Herzegovina,2017,inflation,0.810039425333895
BIH,Bosnia and Herzegovina,2016,inflation,-1.58400833333336
BIH,Bosnia and Herzegovina,2015,inflation,-1.03602303425474
BWA,Botswana,2025,inflation,2.6597506179431
BWA,Botswana,2024,inflation,2.81835131676251
BWA,Botswana,2023,inflation,5.0676154934383
BWA,Botswana,2022,inflation,11.665567478802
BWA,Botswana,2021,inflation,7.24097765588442
BWA,Botswana,2020,inflation,1.8903591682421
BWA,Botswana,2019,inflation,2.77286442863321
BWA,Botswana,2018,inflation,3.23801558947715
BWA,Botswana,2017,inflation,3.30828076768219
BWA,Botswana,2016,inflation,2.81495791361944
BWA,Botswana,2015,inflation,3.06203169580558
BRA,Brazil,2025,inflation,5.01675279604836
BRA,Brazil,2024,inflation,4.36746407652337
BRA,Brazil,2023,inflation,4.59356282283204
BRA,Brazil,2022,inflation,9.28010608956873
BRA,Brazil,2021,inflation,8.30165975585673
BRA,Brazil,2020,inflation,3.21176803803376
BRA,Brazil,2019,inflation,3.73297621216894
BRA,Brazil,2018,inflation,3.66485028376729
BRA,Brazil,2017,inflation,3.44637335032669
BRA,Brazil,2016,inflation,8.73914352329393
BRA,Brazil,2015,inflation,9.02990102416136
VGB,British Virgin Islands,2025,inflation,
VGB,British Virgin Islands,2024,inflation,
VGB,British Virgin Islands,2023,inflation,
VGB,British Virgin Islands,2022,inflation,
VGB,British Virgin Islands,2021,inflation,
VGB,British Virgin Islands,2020,inflation,
VGB,British Virgin Islands,2019,inflation,
VGB,British Virgin Islands,2018,inflation,
VGB,British Virgin Islands,2017,inflation,
VGB,British Virgin Islands,2016,inflation,
VGB,British Virgin Islands,2015,inflation,
BRN,Brunei Darussalam,2025,inflation,-0.302994414446762
BRN,Brunei Darussalam,2024,inflation,-0.388674165036461
BRN,Brunei Darussalam,2023,inflation,0.35706431153689
BRN,Brunei Darussalam,2022,inflation,3.68225030604216
BRN,Brunei Darussalam,2021,inflation,1.73341388450593
BRN,Brunei Darussalam,2020,inflation,1.94031996607184
BRN,Brunei Darussalam,2019,inflation,-0.390522069165529
BRN,Brunei Darussalam,2018,inflation,1.02505179290212
BRN,Brunei Darussalam,2017,inflation,-1.2605056462896
BRN,Brunei Darussalam,2016,inflation,-0.278693265753083
BRN,Brunei Darussalam,2015,inflation,-0.488347420743522
BGR,Bulgaria,2025,inflation,4.58084355235697
BGR,Bulgaria,2024,inflation,2.44651943006079
BGR,Bulgaria,2023,inflation,9.44284140088564
BGR,Bulgaria,2022,inflation,15.3252589264367
BGR,Bulgaria,2021,inflation,3.29774435299506
BGR,Bulgaria,2020,inflation,1.67244096855756
BGR,Bulgaria,2019,inflation,3.10372944796771
BGR,Bulgaria,2018,inflation,2.81454473824838
BGR,Bulgaria,2017,inflation,2.06159619443141
BGR,Bulgaria,2016,inflation,-0.798649886453617
BGR,Bulgaria,2015,inflation,-0.104633261008479
BFA,Burkina Faso,2025,inflation,-0.586235316330579
BFA,Burkina Faso,2024,inflation,4.19081721344523
BFA,Burkina Faso,2023,inflation,0.742910428668918
BFA,Burkina Faso,2022,inflation,14.2902354303358
BFA,Burkina Faso,2021,inflation,3.65326761825509
BFA,Burkina Faso,2020,inflation,1.88470066518847
BFA,Burkina Faso,2019,inflation,-3.23338933983322
BFA,Burkina Faso,2018,inflation,1.95594302672532
BFA,Burkina Faso,2017,inflation,1.48299897161326
BFA,Burkina Faso,2016,inflation,0.441041448058809
BFA,Burkina Faso,2015,inflation,0.724838981070517
BDI,Burundi,2025,inflation,34.1339985744832
BDI,Burundi,2024,inflation,20.2124925027847
BDI,Burundi,2023,inflation,26.9414835762453
BDI,Burundi,2022,inflation,18.8008786664945
BDI,Burundi,2021,inflation,8.40453845076341
BDI,Burundi,2020,inflation,7.32110643415521
BDI,Burundi,2019,inflation,-0.686772170797359
BDI,Burundi,2018,inflation,-2.81469807668465
BDI,Burundi,2017,inflation,16.0525353030392
BDI,Burundi,2016,inflation,5.55768961400965
BDI,Burundi,2015,inflation,5.54468891259779
CPV,Cabo Verde,2025,inflation,2.34333897365163
CPV,Cabo Verde,2024,inflation,1.04817001091965
CPV,Cabo Verde,2023,inflation,3.72437517668748
CPV,Cabo Verde,2022,inflation,7.93092925430087
CPV,Cabo Verde,2021,inflation,1.86215297494647
CPV,Cabo Verde,2020,inflation,0.605795808395385
CPV,Cabo Verde,2019,inflation,1.10666674296063
CPV,Cabo Verde,2018,inflation,1.25699566690509
CPV,Cabo Verde,2017,inflation,0.784415251101334
CPV,Cabo Verde,2016,inflation,-1.40781637091706
CPV,Cabo Verde,2015,inflation,0.131187999024545
KHM,Cambodia,2025,inflation,2.35127105896507
KHM,Cambodia,2024,inflation,0.808042016536654
KHM,Cambodia,2023,inflation,2.12746796594194
KHM,Cambodia,2022,inflation,5.34370264895437
KHM,Cambodia,2021,inflation,2.92073477592949
KHM,Cambodia,2020,inflation,2.9402951426397
KHM,Cambodia,2019,inflation,1.94257500833107
KHM,Cambodia,2018,inflation,2.45908515380146
KHM,Cambodia,2017,inflation,2.91263557371478
KHM,Cambodia,2016,inflation,3.01913975139128
KHM,Cambodia,2015,inflation,1.22393195511119
CMR,Cameroon,2025,inflation,3.40373458279055
CMR,Cameroon,2024,inflation,4.53331349711606
CMR,Cameroon,2023,inflation,7.38281384280984
CMR,Cameroon,2022,inflation,6.24767713343861
CMR,Cameroon,2021,inflation,2.27185762503637
CMR,Cameroon,2020,inflation,2.43760882182236
CMR,Cameroon,2019,inflation,2.45280214062732
CMR,Cameroon,2018,inflation,1.0688581131292
CMR,Cameroon,2017,inflation,0.64040914988195
CMR,Cameroon,2016,inflation,0.874190383288856
CMR,Cameroon,2015,inflation,2.676235314199
CAN,Canada,2025,inflation,2.07232411149103
CAN,Canada,2024,inflation,2.38158383281173
CAN,Canada,2023,inflation,3.87900159788426
CAN,Canada,2022,inflation,6.80280115341613
CAN,Canada,2021,inflation,3.39519318527528
CAN,Canada,2020,inflation,0.716999632307827
CAN,Canada,2019,inflation,1.94926902411593
CAN,Canada,2018,inflation,2.26822567248103
CAN,Canada,2017,inflation,1.59688412852977
CAN,Canada,2016,inflation,1.42875954701085
CAN,Canada,2015,inflation,1.12524136094277
CYM,Cayman Islands,2025,inflation,
CYM,Cayman Islands,2024,inflation,
CYM,Cayman Islands,2023,inflation,
CYM,Cayman Islands,2022,inflation,
CYM,Cayman Islands,2021,inflation,
CYM,Cayman Islands,2020,inflation,
CYM,Cayman Islands,2019,inflation,
CYM,Cayman Islands,2018,inflation,
CYM,Cayman Islands,2017,inflation,
CYM,Cayman Islands,2016,inflation,-0.62525835861814
CYM,Cayman Islands,2015,inflation,-2.34752770165615
CAF,Central African Republic,2025,inflation,1.00198012768088
CAF,Central African Republic,2024,inflation,1.47733600718744
CAF,Central African Republic,2023,inflation,2.97913852618937
CAF,Central African Republic,2022,inflation,5.58316735183247
CAF,Central African Republic,2021,inflation,4.25936417542868
CAF,Central African Republic,2020,inflation,1.71015659523153
CAF,Central African Republic,2019,inflation,2.68537355266787
CAF,Central African Republic,2018,inflation,1.61215686991555
CAF,Central African Republic,2017,inflation,4.18072331871267
CAF,Central African Republic,2016,inflation,4.94543276106518
CAF,Central African Republic,2015,inflation,1.40297017136816
TCD,Chad,2025,inflation,-3.9119812440659
TCD,Chad,2024,inflation,8.89950732263754
TCD,Chad,2023,inflation,10.8363568399843
TCD,Chad,2022,inflation,5.78802687843616
TCD,Chad,2021,inflation,-0.77284437035914
TCD,Chad,2020,inflation,4.46414437232861
TCD,Chad,2019,inflation,-0.971939175419401
TCD,Chad,2018,inflation,4.27462198610545
TCD,Chad,2017,inflation,-1.5370996298084
TCD,Chad,2016,inflation,-0.792440525236102
TCD,Chad,2015,inflation,4.37712665065654
CHI,Channel Islands,2025,inflation,
CHI,Channel Islands,2024,inflation,
CHI,Channel Islands,2023,inflation,
CHI,Channel Islands,2022,inflation,
CHI,Channel Islands,2021,inflation,
CHI,Channel Islands,2020,inflation,
CHI,Channel Islands,2019,inflation,
CHI,Channel Islands,2018,inflation,
CHI,Channel Islands,2017,inflation,
CHI,Channel Islands,2016,inflation,
CHI,Channel Islands,2015,inflation,
CHL,Chile,2025,inflation,4.21293601694293
CHL,Chile,2024,inflation,4.29763891572524
CHL,Chile,2023,inflation,7.58168251407962
CHL,Chile,2022,inflation,11.643866711056
CHL,Chile,2021,inflation,4.52456838259144
CHL,Chile,2020,inflation,3.04549084804326
CHL,Chile,2019,inflation,2.55754475703327
CHL,Chile,2018,inflation,2.43488981353057
CHL,Chile,2017,inflation,2.18271846868519
CHL,Chile,2016,inflation,3.78619355893118
CHL,Chile,2015,inflation,4.34877353217044
CHN,China,2025,inflation,0.0595646916565403
CHN,China,2024,inflation,0.218128938439177
CHN,China,2023,inflation,0.234836828893051
CHN,China,2022,inflation,1.97357555739051
CHN,China,2021,inflation,0.981015135544882
CHN,China,2020,inflation,2.41942189457782
CHN,China,2019,inflation,2.89923416358227
CHN,China,2018,inflation,2.07479039965576
CHN,China,2017,inflation,1.59313600071436
CHN,China,2016,inflation,2.00000182191943
CHN,China,2015,inflation,1.43702380935655
COL,Colombia,2025,inflation,5.14222911946201
COL,Colombia,2024,inflation,6.60908593728228
COL,Colombia,2023,inflation,11.7359044948689
COL,Colombia,2022,inflation,10.1772313546166
COL,Colombia,2021,inflation,3.49505757399448
COL,Colombia,2020,inflation,2.52663500084706
COL,Colombia,2019,inflation,3.52301932741447
COL,Colombia,2018,inflation,3.24056932930569
COL,Colombia,2017,inflation,4.31431325695011
COL,Colombia,2016,inflation,7.51346024627675
COL,Colombia,2015,inflation,4.9898311584953
COM,Comoros,2025,inflation,3.24909332306433
COM,Comoros,2024,inflation,5.05192609588218
COM,Comoros,2023,inflation,8.37373955490996
COM,Comoros,2022,inflation,12.5320314570999
COM,Comoros,2021,inflation,-0.00441793682346988
COM,Comoros,2020,inflation,0.786641929499151
COM,Comoros,2019,inflation,3.58213544469211
COM,Comoros,2018,inflation,2.15155084413033
COM,Comoros,2017,inflation,-0.237362224154613
COM,Comoros,2016,inflation,0.797517430888487
COM,Comoros,2015,inflation,-0.11717388419007
COD,"Congo, Dem. Rep.",2025,inflation,
COD,"Congo, Dem. Rep.",2024,inflation,
COD,"Congo, Dem. Rep.",2023,inflation,
COD,"Congo, Dem. Rep.",2022,inflation,
COD,"Congo, Dem. Rep.",2021,inflation,
COD,"Congo, Dem. Rep.",2020,inflation,
COD,"Congo, Dem. Rep.",2019,inflation,
COD,"Congo, Dem. Rep.",2018,inflation,
COD,"Congo, Dem. Rep.",2017,inflation,
COD,"Congo, Dem. Rep.",2016,inflation,2.88585107289988
COD,"Congo, Dem. Rep.",2015,inflation,0.74419899478147
COG,"Congo, Rep.",2025,inflation,2.40069559361747
COG,"Congo, Rep.",2024,inflation,3.09143630919166
COG,"Congo, Rep.",2023,inflation,4.30174563591016
COG,"Congo, Rep.",2022,inflation,3.04344334698478
COG,"Congo, Rep.",2021,inflation,1.7156427545126
COG,"Congo, Rep.",2020,inflation,1.79537147083108
COG,"Congo, Rep.",2019,inflation,2.20607305781525
COG,"Congo, Rep.",2018,inflation,1.15277896375523
COG,"Congo, Rep.",2017,inflation,0.450063823285546
COG,"Congo, Rep.",2016,inflation,3.19056179723773
COG,"Congo, Rep.",2015,inflation,3.16909796750829
CRI,Costa Rica,2025,inflation,-0.073671440596217
CRI,Costa Rica,2024,inflation,-0.412853001047069
CRI,Costa Rica,2023,inflation,0.525193508693455
CRI,Costa Rica,2022,inflation,8.27477490232654
CRI,Costa Rica,2021,inflation,1.72647755109241
CRI,Costa Rica,2020,inflation,0.724911478131376
CRI,Costa Rica,2019,inflation,2.09604635327807
CRI,Costa Rica,2018,inflation,2.22111461526581
CRI,Costa Rica,2017,inflation,1.62590692991732
CRI,Costa Rica,2016,inflation,-0.0174788505908217
CRI,Costa Rica,2015,inflation,0.801982005099623
CIV,Cote d'Ivoire,2025,inflation,0.125038772593104
CIV,Cote d'Ivoire,2024,inflation,3.45053028131019
CIV,Cote d'Ivoire,2023,inflation,4.36972254867474
CIV,Cote d'Ivoire,2022,inflation,5.23352856100843
CIV,Cote d'Ivoire,2021,inflation,4.15919657911798
CIV,Cote d'Ivoire,2020,inflation,2.41252617189053
CIV,Cote d'Ivoire,2019,inflation,0.790855512053661
CIV,Cote d'Ivoire,2018,inflation,0.401297817263547
CIV,Cote d'Ivoire,2017,inflation,0.685881065304603
CIV,Cote d'Ivoire,2016,inflation,0.723178457513308
CIV,Cote d'Ivoire,2015,inflation,1.25149954781468
HRV,Croatia,2025,inflation,3.69153459605729
HRV,Croatia,2024,inflation,2.97200477643626
HRV,Croatia,2023,inflation,7.94128177586822
HRV,Croatia,2022,inflation,10.7805806758686
HRV,Croatia,2021,inflation,2.55450699642041
HRV,Croatia,2020,inflation,0.154811374562106
HRV,Croatia,2019,inflation,0.771820346498112
HRV,Croatia,2018,inflation,1.50012501041747
HRV,Croatia,2017,inflation,1.12937210282347
HRV,Croatia,2016,inflation,-1.12500000000002
HRV,Croatia,2015,inflation,-0.464499004645003
CUB,Cuba,2025,inflation,
CUB,Cuba,2024,inflation,
CUB,Cuba,2023,inflation,
CUB,Cuba,2022,inflation,
CUB,Cuba,2021,inflation,
CUB,Cuba,2020,inflation,
CUB,Cuba,2019,inflation,
CUB,Cuba,2018,inflation,
CUB,Cuba,2017,inflation,
CUB,Cuba,2016,inflation,
CUB,Cuba,2015,inflation,
CUW,Curacao,2025,inflation,
CUW,Curacao,2024,inflation,
CUW,Curacao,2023,inflation,
CUW,Curacao,2022,inflation,
CUW,Curacao,2021,inflation,
CUW,Curacao,2020,inflation,
CUW,Curacao,2019,inflation,2.62220783425059
CUW,Curacao,2018,inflation,2.58368756641814
CUW,Curacao,2017,inflation,1.58558801700345
CUW,Curacao,2016,inflation,-0.0472079848940293
CUW,Curacao,2015,inflation,-0.476542049801405
CYP,Cyprus,2025,inflation,0.126528851920189
CYP,Cyprus,2024,inflation,1.80023018624824
CYP,Cyprus,2023,inflation,3.54134188751646
CYP,Cyprus,2022,inflation,8.39548297993334
CYP,Cyprus,2021,inflation,2.44608867175474
CYP,Cyprus,2020,inflation,-0.638422797978861
CYP,Cyprus,2019,inflation,0.250370996758493
CYP,Cyprus,2018,inflation,1.43549119531759
CYP,Cyprus,2017,inflation,0.531766496174467
CYP,Cyprus,2016,inflation,-1.42916666666665
CYP,Cyprus,2015,inflation,-2.0969976905312
CZE,Czechia,2025,inflation,2.45996367838865
CZE,Czechia,2024,inflation,2.43531202435314
CZE,Czechia,2023,inflation,10.6612601372427
CZE,Czechia,2022,inflation,15.1001651468371
CZE,Czechia,2021,inflation,3.83984491500146
CZE,Czechia,2020,inflation,3.1612952849781
CZE,Czechia,2019,inflation,2.84787595918041
CZE,Czechia,2018,inflation,2.14949494949493
CZE,Czechia,2017,inflation,2.4505339846014
CZE,Czechia,2016,inflation,0.683504209385703
CZE,Czechia,2015,inflation,0.309364548494975
DNK,Denmark,2025,inflation,1.89367372703044
DNK,Denmark,2024,inflation,1.37220049768926
DNK,Denmark,2023,inflation,3.30517811237606
DNK,Denmark,2022,inflation,7.6965669988926
DNK,Denmark,2021,inflation,1.85304543989689
DNK,Denmark,2020,inflation,0.420711974110025
DNK,Denmark,2019,inflation,0.75813157251162
DNK,Denmark,2018,inflation,0.813609467455631
DNK,Denmark,2017,inflation,1.14713216957602
DNK,Denmark,2016,inflation,0.250000000000031
DNK,Denmark,2015,inflation,0.452034153691575
DJI,Djibouti,2025,inflation,-0.313731799533481
DJI,Djibouti,2024,inflation,2.1120116728497
DJI,Djibouti,2023,inflation,1.44905087029086
DJI,Djibouti,2022,inflation,5.17222088647606
DJI,Djibouti,2021,inflation,1.18086783934059
DJI,Djibouti,2020,inflation,1.77900535643955
DJI,Djibouti,2019,inflation,3.31763203299603
DJI,Djibouti,2018,inflation,0.138836400011405
DJI,Djibouti,2017,inflation,0.577285724560661
DJI,Djibouti,2016,inflation,2.4025290543489
DJI,Djibouti,2015,inflation,-0.522166521445793
DMA,Dominica,2025,inflation,2.53385126107135
DMA,Dominica,2024,inflation,2.73620751873313
DMA,Dominica,2023,inflation,5.08677483158112
DMA,Dominica,2022,inflation,2.88490226829353
DMA,Dominica,2021,inflation,2.22891330700344
DMA,Dominica,2020,inflation,1.22026442242476
DMA,Dominica,2019,inflation,1.50462353858141
DMA,Dominica,2018,inflation,0.98919111918989
DMA,Dominica,2017,inflation,0.296252889279487
DMA,Dominica,2016,inflation,0.141816225732312
DMA,Dominica,2015,inflation,-0.84382698463833
DOM,Dominican Republic,2025,inflation,3.8731176804813
DOM,Dominican Republic,2024,inflation,3.30223338951227
DOM,Dominican Republic,2023,inflation,4.78561281021135
DOM,Dominican Republic,2022,inflation,8.81109209279587
DOM,Dominican Republic,2021,inflation,8.24300347981809
DOM,Dominican Republic,2020,inflation,3.78103179915517
DOM,Dominican Republic,2019,inflation,1.81060377042959
DOM,Dominican Republic,2018,inflation,3.56443426013508
DOM,Dominican Republic,2017,inflation,3.27955694678546
DOM,Dominican Republic,2016,inflation,1.61416607245223
DOM,Dominican Republic,2015,inflation,0.836746346724557
ECU,Ecuador,2025,inflation,0.710469324989076
ECU,Ecuador,2024,inflation,1.54732515615369
ECU,Ecuador,2023,inflation,2.21568764237058
ECU,Ecuador,2022,inflation,3.46616972213077
ECU,Ecuador,2021,inflation,0.133251386096389
ECU,Ecuador,2020,inflation,-0.338872392562139
ECU,Ecuador,2019,inflation,0.266012515466155
ECU,Ecuador,2018,inflation,-0.224103246005552
ECU,Ecuador,2017,inflation,0.417335588666825
ECU,Ecuador,2016,inflation,1.72826463324533
ECU,Ecuador,2015,inflation,3.96664623255358
EGY,"Egypt, Arab Rep.",2025,inflation,14.0735136645934
EGY,"Egypt, Arab Rep.",2024,inflation,28.2705899322083
EGY,"Egypt, Arab Rep.",2023,inflation,33.8847763115546
EGY,"Egypt, Arab Rep.",2022,inflation,13.8956609775178
EGY,"Egypt, Arab Rep.",2021,inflation,5.21404940513043
EGY,"Egypt, Arab Rep.",2020,inflation,5.04493288977539
EGY,"Egypt, Arab Rep.",2019,inflation,9.15279959324804
EGY,"Egypt, Arab Rep.",2018,inflation,14.4014657807422
EGY,"Egypt, Arab Rep.",2017,inflation,29.5066083940039
EGY,"Egypt, Arab Rep.",2016,inflation,13.813606214829
EGY,"Egypt, Arab Rep.",2015,inflation,10.370490343517
SLV,El Salvador,2025,inflation,0.257570528307203
SLV,El Salvador,2024,inflation,0.853782292567288
SLV,El Salvador,2023,inflation,4.04554694222477
SLV,El Salvador,2022,inflation,7.19861615609867
SLV,El Salvador,2021,inflation,3.46692585313082
SLV,El Salvador,2020,inflation,-0.371590212324095
SLV,El Salvador,2019,inflation,0.0753241350024612
SLV,El Salvador,2018,inflation,1.09033000581892
SLV,El Salvador,2017,inflation,1.0123540331558
SLV,El Salvador,2016,inflation,0.60404908699661
SLV,El Salvador,2015,inflation,-0.731384487387957
GNQ,Equatorial Guinea,2025,inflation,
GNQ,Equatorial Guinea,2024,inflation,2.92140227309103
GNQ,Equatorial Guinea,2023,inflation,2.85949506037322
GNQ,Equatorial Guinea,2022,inflation,4.78671704710803
GNQ,Equatorial Guinea,2021,inflation,-0.0971007664640198
GNQ,Equatorial Guinea,2020,inflation,4.76669523944228
GNQ,Equatorial Guinea,2019,inflation,1.53027528964189
GNQ,Equatorial Guinea,2018,inflation,1.06007410662171
GNQ,Equatorial Guinea,2017,inflation,0.74435474661241
GNQ,Equatorial Guinea,2016,inflation,1.41193915479015
GNQ,Equatorial Guinea,2015,inflation,1.67663085315988
ERI,Eritrea,2025,inflation,
ERI,Eritrea,2024,inflation,
ERI,Eritrea,2023,inflation,
ERI,Eritrea,2022,inflation,
ERI,Eritrea,2021,inflation,
ERI,Eritrea,2020,inflation,
ERI,Eritrea,2019,inflation,
ERI,Eritrea,2018,inflation,
ERI,Eritrea,2017,inflation,
ERI,Eritrea,2016,inflation,
ERI,Eritrea,2015,inflation,
EST,Estonia,2025,inflation,4.82920753628342
EST,Estonia,2024,inflation,3.5194118998392
EST,Estonia,2023,inflation,9.15922507983982
EST,Estonia,2022,inflation,19.3982634080616
EST,Estonia,2021,inflation,4.65316673847473
EST,Estonia,2020,inflation,-0.44453109767983
EST,Estonia,2019,inflation,2.27725931243522
EST,Estonia,2018,inflation,3.43632688420446
EST,Estonia,2017,inflation,3.41723549488054
EST,Estonia,2016,inflation,0.148684907627373
EST,Estonia,2015,inflation,-0.49232600654737
SWZ,Eswatini,2025,inflation,
SWZ,Eswatini,2024,inflation,
SWZ,Eswatini,2023,inflation,
SWZ,Eswatini,2022,inflation,
SWZ,Eswatini,2021,inflation,
SWZ,Eswatini,2020,inflation,
SWZ,Eswatini,2019,inflation,2.59801620311077
SWZ,Eswatini,2018,inflation,4.81506167461513
SWZ,Eswatini,2017,inflation,6.22137528933118
SWZ,Eswatini,2016,inflation,7.8472745908568
SWZ,Eswatini,2015,inflation,4.95124493704919
ETH,Ethiopia,2025,inflation,13.2296432836809
ETH,Ethiopia,2024,inflation,21.0377460577711
ETH,Ethiopia,2023,inflation,30.2188278135278
ETH,Ethiopia,2022,inflation,33.8898797100898
ETH,Ethiopia,2021,inflation,26.8395221557722
ETH,Ethiopia,2020,inflation,20.3563468559061
ETH,Ethiopia,2019,inflation,15.8096321719344
ETH,Ethiopia,2018,inflation,13.8330356586661
ETH,Ethiopia,2017,inflation,10.6871150284238
ETH,Ethiopia,2016,inflation,6.62813337230924
ETH,Ethiopia,2015,inflation,9.56889955968623
FRO,Faroe Islands,2025,inflation,
FRO,Faroe Islands,2024,inflation,
FRO,Faroe Islands,2023,inflation,
FRO,Faroe Islands,2022,inflation,
FRO,Faroe Islands,2021,inflation,
FRO,Faroe Islands,2020,inflation,
FRO,Faroe Islands,2019,inflation,
FRO,Faroe Islands,2018,inflation,
FRO,Faroe Islands,2017,inflation,
FRO,Faroe Islands,2016,inflation,
FRO,Faroe Islands,2015,inflation,
FJI,Fiji,2025,inflation,-1.38326833934224
FJI,Fiji,2024,inflation,3.89084237884105
FJI,Fiji,2023,inflation,2.97544080604539
FJI,Fiji,2022,inflation,6.07882431529725
FJI,Fiji,2021,inflation,1.53454853751592
FJI,Fiji,2020,inflation,-1.70014167847318
FJI,Fiji,2019,inflation,1.79388647514555
FJI,Fiji,2018,inflation,4.08147637644543
FJI,Fiji,2017,inflation,3.34757834757831
FJI,Fiji,2016,inflation,3.86322538221278
FJI,Fiji,2015,inflation,1.37488542621447
FIN,Finland,2025,inflation,0.337874659400574
FIN,Finland,2024,inflation,1.56568906231616
FIN,Finland,2023,inflation,6.25064322154763
FIN,Finland,2022,inflation,7.12350773301412
FIN,Finland,2021,inflation,2.19457432339998
FIN,Finland,2020,inflation,0.290554555653239
FIN,Finland,2019,inflation,1.02409392963431
FIN,Finland,2018,inflation,1.08382098409296
FIN,Finland,2017,inflation,0.754015047084438
FIN,Finland,2016,inflation,0.356684500891695
FIN,Finland,2015,inflation,-0.207928839905177
FRA,France,2025,inflation,0.943770212469976
FRA,France,2024,inflation,1.99904942291463
FRA,France,2023,inflation,4.8783572650844
FRA,France,2022,inflation,5.22236748369725
FRA,France,2021,inflation,1.64233141038394
FRA,France,2020,inflation,0.476498852725065
FRA,France,2019,inflation,1.10825492288294
FRA,France,2018,inflation,1.85081508315493
FRA,France,2017,inflation,1.03228275064681
FRA,France,2016,inflation,0.183334861123765
FRA,France,2015,inflation,0.0375143805125182
PYF,French Polynesia,2025,inflation,
PYF,French Polynesia,2024,inflation,
PYF,French Polynesia,2023,inflation,
PYF,French Polynesia,2022,inflation,
PYF,French Polynesia,2021,inflation,
PYF,French Polynesia,2020,inflation,
PYF,French Polynesia,2019,inflation,
PYF,French Polynesia,2018,inflation,
PYF,French Polynesia,2017,inflation,
PYF,French Polynesia,2016,inflation,
PYF,French Polynesia,2015,inflation,
GAB,Gabon,2025,inflation,1.76766609003481
GAB,Gabon,2024,inflation,1.17311998381218
GAB,Gabon,2023,inflation,3.62901534185376
GAB,Gabon,2022,inflation,4.23124798274579
GAB,Gabon,2021,inflation,1.0869074651941
GAB,Gabon,2020,inflation,1.35276110675333
GAB,Gabon,2019,inflation,2.46456756151187
GAB,Gabon,2018,inflation,4.74906652083221
GAB,Gabon,2017,inflation,2.65192583143902
GAB,Gabon,2016,inflation,2.10670712784054
GAB,Gabon,2015,inflation,-0.338795188753406
GMB,"Gambia, The",2025,inflation,
GMB,"Gambia, The",2024,inflation,11.5610532897511
GMB,"Gambia, The",2023,inflation,16.9742129632327
GMB,"Gambia, The",2022,inflation,11.5131198380505
GMB,"Gambia, The",2021,inflation,7.37034758876618
GMB,"Gambia, The",2020,inflation,5.93127636562441
GMB,"Gambia, The",2019,inflation,7.11567625631192
GMB,"Gambia, The",2018,inflation,6.52096823946573
GMB,"Gambia, The",2017,inflation,8.03418974545911
GMB,"Gambia, The",2016,inflation,7.22879272057922
GMB,"Gambia, The",2015,inflation,6.8084549457961
GEO,Georgia,2025,inflation,3.8692132193969
GEO,Georgia,2024,inflation,1.10971758022096
GEO,Georgia,2023,inflation,2.48776056578715
GEO,Georgia,2022,inflation,11.8981654203198
GEO,Georgia,2021,inflation,9.56691433824769
GEO,Georgia,2020,inflation,5.2024648897534
GEO,Georgia,2019,inflation,4.85289821696723
GEO,Georgia,2018,inflation,2.6152447139767
GEO,Georgia,2017,inflation,6.03531725272117
GEO,Georgia,2016,inflation,2.13492713939121
GEO,Georgia,2015,inflation,4.00357820695097
DEU,Germany,2025,inflation,2.17178770949721
DEU,Germany,2024,inflation,2.2564981433876
DEU,Germany,2023,inflation,5.94643667725823
DEU,Germany,2022,inflation,6.87257438551097
DEU,Germany,2021,inflation,3.06666666666673
DEU,Germany,2020,inflation,0.144877925813982
DEU,Germany,2019,inflation,1.44565976888253
DEU,Germany,2018,inflation,1.73216879766942
DEU,Germany,2017,inflation,1.50949485109628
DEU,Germany,2016,inflation,0.491747008445174
DEU,Germany,2015,inflation,0.514426137125456
GHA,Ghana,2025,inflation,14.2046755548989
GHA,Ghana,2024,inflation,22.8483281157842
GHA,Ghana,2023,inflation,38.1069656296501
GHA,Ghana,2022,inflation,31.2558951049016
GHA,Ghana,2021,inflation,9.9710886750444
GHA,Ghana,2020,inflation,9.88728956269944
GHA,Ghana,2019,inflation,7.14364003330857
GHA,Ghana,2018,inflation,7.80876516610703
GHA,Ghana,2017,inflation,12.3719215507048
GHA,Ghana,2016,inflation,17.4546347070868
GHA,Ghana,2015,inflation,17.1499695007878
GIB,Gibraltar,2025,inflation,
GIB,Gibraltar,2024,inflation,
GIB,Gibraltar,2023,inflation,
GIB,Gibraltar,2022,inflation,
GIB,Gibraltar,2021,inflation,
GIB,Gibraltar,2020,inflation,
GIB,Gibraltar,2019,inflation,
GIB,Gibraltar,2018,inflation,
GIB,Gibraltar,2017,inflation,
GIB,Gibraltar,2016,inflation,
GIB,Gibraltar,2015,inflation,
GRC,Greece,2025,inflation,2.48209745378857
GRC,Greece,2024,inflation,2.74101875679486
GRC,Greece,2023,inflation,3.46480128513405
GRC,Greece,2022,inflation,9.64525981280632
GRC,Greece,2021,inflation,1.22382501019854
GRC,Greece,2020,inflation,-1.24798355581405
GRC,Greece,2019,inflation,0.253007522038157
GRC,Greece,2018,inflation,0.62562141345364
GRC,Greece,2017,inflation,1.12125452031419
GRC,Greece,2016,inflation,-0.825653978390973
GRC,Greece,2015,inflation,-1.73588804765284
GRL,Greenland,2025,inflation,
GRL,Greenland,2024,inflation,
GRL,Greenland,2023,inflation,
GRL,Greenland,2022,inflation,
GRL,Greenland,2021,inflation,
GRL,Greenland,2020,inflation,
GRL,Greenland,2019,inflation,
GRL,Greenland,2018,inflation,
GRL,Greenland,2017,inflation,
GRL,Greenland,2016,inflation,
GRL,Greenland,2015,inflation,
GRD,Grenada,2025,inflation,0.610311975893833
GRD,Grenada,2024,inflation,1.08615365134737
GRD,Grenada,2023,inflation,2.69612269814564
GRD,Grenada,2022,inflation,2.5805392590792
GRD,Grenada,2021,inflation,1.21951193916838
GRD,Grenada,2020,inflation,-0.740732597045498
GRD,Grenada,2019,inflation,0.598149764736022
GRD,Grenada,2018,inflation,0.804102313277033
GRD,Grenada,2017,inflation,0.908458255874249
GRD,Grenada,2016,inflation,1.65038994431573
GRD,Grenada,2015,inflation,-0.515448031435329
GUM,Guam,2025,inflation,
GUM,Guam,2024,inflation,
GUM,Guam,2023,inflation,
GUM,Guam,2022,inflation,
GUM,Guam,2021,inflation,
GUM,Guam,2020,inflation,
GUM,Guam,2019,inflation,
GUM,Guam,2018,inflation,
GUM,Guam,2017,inflation,
GUM,Guam,2016,inflation,
GUM,Guam,2015,inflation,
GTM,Guatemala,2025,inflation,1.48841591086169
GTM,Guatemala,2024,inflation,2.86992752918294
GTM,Guatemala,2023,inflation,6.20657592272126
GTM,Guatemala,2022,inflation,6.88512823344287
GTM,Guatemala,2021,inflation,4.26105127422813
GTM,Guatemala,2020,inflation,3.21444062197345
GTM,Guatemala,2019,inflation,3.69998398008605
GTM,Guatemala,2018,inflation,3.75186186704508
GTM,Guatemala,2017,inflation,4.42453655182546
GTM,Guatemala,2016,inflation,4.44844199942827
GTM,Guatemala,2015,inflation,2.3887203283955
GIN,Guinea,2025,inflation,3.54630163142885
GIN,Guinea,2024,inflation,8.12313914948596
GIN,Guinea,2023,inflation,7.80497591927973
GIN,Guinea,2022,inflation,10.4930409984424
GIN,Guinea,2021,inflation,12.5972882566934
GIN,Guinea,2020,inflation,10.6016203387167
GIN,Guinea,2019,inflation,9.47001039253012
GIN,Guinea,2018,inflation,9.82761701259191
GIN,Guinea,2017,inflation,8.91435947913097
GIN,Guinea,2016,inflation,8.17268112275132
GIN,Guinea,2015,inflation,11.7800825029834
GNB,Guinea-Bissau,2025,inflation,0.874929691038717
GNB,Guinea-Bissau,2024,inflation,3.76555825770114
GNB,Guinea-Bissau,2023,inflation,7.10220928557059
GNB,Guinea-Bissau,2022,inflation,9.39075933985203
GNB,Guinea-Bissau,2021,inflation,2.24248879577658
GNB,Guinea-Bissau,2020,inflation,1.14000939393222
GNB,Guinea-Bissau,2019,inflation,0.24660026814783
GNB,Guinea-Bissau,2018,inflation,0.381324702790992
GNB,Guinea-Bissau,2017,inflation,1.69111461822298
GNB,Guinea-Bissau,2016,inflation,1.50312055861088
GNB,Guinea-Bissau,2015,inflation,1.47672048910485
GUY,Guyana,2025,inflation,3.32982339132475
GUY,Guyana,2024,inflation,2.90379501424778
GUY,Guyana,2023,inflation,2.82159393090811
GUY,Guyana,2022,inflation,6.93346066500816
GUY,Guyana,2021,inflation,4.50619858925893
GUY,Guyana,2020,inflation,0.722434045501787
GUY,Guyana,2019,inflation,2.11238986774464
GUY,Guyana,2018,inflation,1.25128567037044
GUY,Guyana,2017,inflation,1.94571617739331
GUY,Guyana,2016,inflation,0.826177341246544
GUY,Guyana,2015,inflation,-0.865401289233742
HTI,Haiti,2025,inflation,28.6427976686095
HTI,Haiti,2024,inflation,26.9490564091987
HTI,Haiti,2023,inflation,36.8135162780854
HTI,Haiti,2022,inflation,33.98393194707
HTI,Haiti,2021,inflation,16.8415240198785
HTI,Haiti,2020,inflation,22.7963113642528
HTI,Haiti,2019,inflation,18.7037825672506
HTI,Haiti,2018,inflation,12.4814111170435
HTI,Haiti,2017,inflation,10.6800887242584
HTI,Haiti,2016,inflation,11.5029073942666
HTI,Haiti,2015,inflation,6.73184069658997
HND,Honduras,2025,inflation,4.59657982325258
HND,Honduras,2024,inflation,4.60621098127101
HND,Honduras,2023,inflation,6.66325180347463
HND,Honduras,2022,inflation,9.08963911525032
HND,Honduras,2021,inflation,4.48087963413446
HND,Honduras,2020,inflation,3.46841177951171
HND,Honduras,2019,inflation,4.36587159819274
HND,Honduras,2018,inflation,4.34734937777536
HND,Honduras,2017,inflation,3.93436084442037
HND,Honduras,2016,inflation,2.72461223295289
HND,Honduras,2015,inflation,3.15783117980915
HKG,"Hong Kong SAR, China",2025,inflation,1.43633540372673
HKG,"Hong Kong SAR, China",2024,inflation,1.72972119105914
HKG,"Hong Kong SAR, China",2023,inflation,2.09660511249089
HKG,"Hong Kong SAR, China",2022,inflation,1.88136707196853
HKG,"Hong Kong SAR, China",2021,inflation,1.56875834445922
HKG,"Hong Kong SAR, China",2020,inflation,0.2509620210808
HKG,"Hong Kong SAR, China",2019,inflation,2.88320853773996
HKG,"Hong Kong SAR, China",2018,inflation,2.40613432046534
HKG,"Hong Kong SAR, China",2017,inflation,1.49387243939522
HKG,"Hong Kong SAR, China",2016,inflation,2.40930743862224
HKG,"Hong Kong SAR, China",2015,inflation,2.99084819322581
HUN,Hungary,2025,inflation,4.41198445905562
HUN,Hungary,2024,inflation,3.70370370370369
HUN,Hungary,2023,inflation,17.1249659678737
HUN,Hungary,2022,inflation,14.6081439492433
HUN,Hungary,2021,inflation,5.11096534382855
HUN,Hungary,2020,inflation,3.32674385766738
HUN,Hungary,2019,inflation,3.33858635382008
HUN,Hungary,2018,inflation,2.85024792594646
HUN,Hungary,2017,inflation,2.34824281150154
HUN,Hungary,2016,inflation,0.394769306686392
HUN,Hungary,2015,inflation,-0.0616446800641672
ISL,Iceland,2025,inflation,4.09085056006515
ISL,Iceland,2024,inflation,5.85683849970072
ISL,Iceland,2023,inflation,8.73630299937298
ISL,Iceland,2022,inflation,8.30875511558912
ISL,Iceland,2021,inflation,4.44423970189746
ISL,Iceland,2020,inflation,2.84792401518657
ISL,Iceland,2019,inflation,3.01397179156061
ISL,Iceland,2018,inflation,2.68291768267392
ISL,Iceland,2017,inflation,1.76041559180605
ISL,Iceland,2016,inflation,1.69692761997734
ISL,Iceland,2015,inflation,1.63305558181335
IND,India,2025,inflation,2.39884954182294
IND,India,2024,inflation,4.95303550973661
IND,India,2023,inflation,5.64914318907925
IND,India,2022,inflation,6.69903414079858
IND,India,2021,inflation,5.13140747176364
IND,India,2020,inflation,6.6234367762853
IND,India,2019,inflation,3.72950573539123
IND,India,2018,inflation,3.93882646691643
IND,India,2017,inflation,3.32817337461305
IND,India,2016,inflation,4.94821634062134
IND,India,2015,inflation,4.90697344127249
IDN,Indonesia,2025,inflation,1.9133344329508
IDN,Indonesia,2024,inflation,2.18151273615189
IDN,Indonesia,2023,inflation,3.66938654859761
IDN,Indonesia,2022,inflation,4.20946463714784
IDN,Indonesia,2021,inflation,1.56007882983334
IDN,Indonesia,2020,inflation,1.91983527270793
IDN,Indonesia,2019,inflation,3.03058460941661
IDN,Indonesia,2018,inflation,3.19834755924996
IDN,Indonesia,2017,inflation,3.80879857691949
IDN,Indonesia,2016,inflation,3.52580452815451
IDN,Indonesia,2015,inflation,6.36312061196646
IRN,"Iran, Islamic Rep.",2025,inflation,42.1712244965444
IRN,"Iran, Islamic Rep.",2024,inflation,32.455871402917
IRN,"Iran, Islamic Rep.",2023,inflation,44.5791857572797
IRN,"Iran, Islamic Rep.",2022,inflation,43.4884641742179
IRN,"Iran, Islamic Rep.",2021,inflation,43.3890162681514
IRN,"Iran, Islamic Rep.",2020,inflation,30.5941390387295
IRN,"Iran, Islamic Rep.",2019,inflation,39.9073455697784
IRN,"Iran, Islamic Rep.",2018,inflation,18.0141183371874
IRN,"Iran, Islamic Rep.",2017,inflation,8.04492437660278
IRN,"Iran, Islamic Rep.",2016,inflation,7.24542548952979
IRN,"Iran, Islamic Rep.",2015,inflation,12.4846815611533
IRQ,Iraq,2025,inflation,0.303454715219382
IRQ,Iraq,2024,inflation,2.6116961151764
IRQ,Iraq,2023,inflation,4.35835351089595
IRQ,Iraq,2022,inflation,4.9947659638103
IRQ,Iraq,2021,inflation,6.04186489058043
IRQ,Iraq,2020,inflation,0.574162679425856
IRQ,Iraq,2019,inflation,-0.198965380023882
IRQ,Iraq,2018,inflation,0.367441488936828
IRQ,Iraq,2017,inflation,0.184058898847553
IRQ,Iraq,2016,inflation,0.556521397155548
IRQ,Iraq,2015,inflation,1.39333028780268
IRL,Ireland,2025,inflation,2.21044788475857
IRL,Ireland,2024,inflation,2.11344999577317
IRL,Ireland,2023,inflation,6.29942487419125
IRL,Ireland,2022,inflation,7.82945736434105
IRL,Ireland,2021,inflation,2.34034113447044
IRL,Ireland,2020,inflation,-0.326183651280033
IRL,Ireland,2019,inflation,0.937842961189274
IRL,Ireland,2018,inflation,0.471130713712916
IRL,Ireland,2017,inflation,0.362173038229378
IRL,Ireland,2016,inflation,0.0201247735963237
IRL,Ireland,2015,inflation,-0.330959783371788
IMN,Isle of Man,2025,inflation,
IMN,Isle of Man,2024,inflation,
IMN,Isle of Man,2023,inflation,
IMN,Isle of Man,2022,inflation,
IMN,Isle of Man,2021,inflation,
IMN,Isle of Man,2020,inflation,
IMN,Isle of Man,2019,inflation,
IMN,Isle of Man,2018,inflation,
IMN,Isle of Man,2017,inflation,
IMN,Isle of Man,2016,inflation,
IMN,Isle of Man,2015,inflation,
ISR,Israel,2025,inflation,3.0414132155654
ISR,Israel,2024,inflation,3.07480889805025
ISR,Israel,2023,inflation,4.22522603168918
ISR,Israel,2022,inflation,4.41162725488371
ISR,Israel,2021,inflation,1.47965474722561
ISR,Israel,2020,inflation,-0.575254620897756
ISR,Israel,2019,inflation,0.817645940292794
ISR,Israel,2018,inflation,0.805060379528526
ISR,Israel,2017,inflation,0.249807840123008
ISR,Israel,2016,inflation,-0.535168195718695
ISR,Israel,2015,inflation,-0.617342577642765
ITA,Italy,2025,inflation,1.5316682765282
ITA,Italy,2024,inflation,0.982373023061417
ITA,Italy,2023,inflation,5.62219442195901
ITA,Italy,2022,inflation,8.20128991161718
ITA,Italy,2021,inflation,1.87378325762481
ITA,Italy,2020,inflation,-0.13770757391651
ITA,Italy,2019,inflation,0.611246943765304
ITA,Italy,2018,inflation,1.13748763600391
ITA,Italy,2017,inflation,1.22653316645812
ITA,Italy,2016,inflation,-0.09401665691575
ITA,Italy,2015,inflation,0.0387903996579733
JAM,Jamaica,2025,inflation,4.00459048079239
JAM,Jamaica,2024,inflation,5.41194447981659
JAM,Jamaica,2023,inflation,6.47413734662063
JAM,Jamaica,2022,inflation,10.3495688391272
JAM,Jamaica,2021,inflation,5.86278242801063
JAM,Jamaica,2020,inflation,5.2267777929352
JAM,Jamaica,2019,inflation,3.90510000865872
JAM,Jamaica,2018,inflation,3.73663882152163
JAM,Jamaica,2017,inflation,4.37839864991561
JAM,Jamaica,2016,inflation,2.35102197485846
JAM,Jamaica,2015,inflation,3.69154228855725
JPN,Japan,2025,inflation,3.17253034260248
JPN,Japan,2024,inflation,2.73853681635241
JPN,Japan,2023,inflation,3.26813365933163
JPN,Japan,2022,inflation,2.49770278172255
JPN,Japan,2021,inflation,-0.233352779398264
JPN,Japan,2020,inflation,-0.024995834027731
JPN,Japan,2019,inflation,0.46877615938395
JPN,Japan,2018,inflation,0.989094598021848
JPN,Japan,2017,inflation,0.484199796126385
JPN,Japan,2016,inflation,-0.127258844489754
JPN,Japan,2015,inflation,0.795279630579839
JOR,Jordan,2025,inflation,1.76646490894206
JOR,Jordan,2024,inflation,1.55659611283953
JOR,Jordan,2023,inflation,2.08486986327134
JOR,Jordan,2022,inflation,4.22915568897117
JOR,Jordan,2021,inflation,1.34609377243118
JOR,Jordan,2020,inflation,0.333294350628378
JOR,Jordan,2019,inflation,0.761514047265601
JOR,Jordan,2018,inflation,4.46231108475481
JOR,Jordan,2017,inflation,3.32389447576097
JOR,Jordan,2016,inflation,-0.778430463054142
JOR,Jordan,2015,inflation,-0.876851359704049
KAZ,Kazakhstan,2025,inflation,11.3879454675914
KAZ,Kazakhstan,2024,inflation,8.69082156104494
KAZ,Kazakhstan,2023,inflation,14.5275597825952
KAZ,Kazakhstan,2022,inflation,15.0278644440851
KAZ,Kazakhstan,2021,inflation,8.04147134028401
KAZ,Kazakhstan,2020,inflation,6.71815454861458
KAZ,Kazakhstan,2019,inflation,5.33356098916669
KAZ,Kazakhstan,2018,inflation,6.16366247577762
KAZ,Kazakhstan,2017,inflation,7.44266321306792
KAZ,Kazakhstan,2016,inflation,14.3610942386248
KAZ,Kazakhstan,2015,inflation,6.67828585615236
KEN,Kenya,2025,inflation,4.06912878540729
KEN,Kenya,2024,inflation,4.48978854243448
KEN,Kenya,2023,inflation,7.67139634029402
KEN,Kenya,2022,inflation,7.65986268272224
KEN,Kenya,2021,inflation,6.10793603659176
KEN,Kenya,2020,inflation,5.40516207933392
KEN,Kenya,2019,inflation,5.23963795764792
KEN,Kenya,2018,inflation,4.6898064677633
KEN,Kenya,2017,inflation,8.00564967709945
KEN,Kenya,2016,inflation,6.29724953814625
KEN,Kenya,2015,inflation,6.58215429284779
KIR,Kiribati,2025,inflation,
KIR,Kiribati,2024,inflation,2.45545072159028
KIR,Kiribati,2023,inflation,9.28307374517721
KIR,Kiribati,2022,inflation,5.34595440908904
KIR,Kiribati,2021,inflation,2.05361676773907
KIR,Kiribati,2020,inflation,2.5532455441463
KIR,Kiribati,2019,inflation,-1.81307995302947
KIR,Kiribati,2018,inflation,0.564030491493476
KIR,Kiribati,2017,inflation,0.355520888546828
KIR,Kiribati,2016,inflation,1.91731090233378
KIR,Kiribati,2015,inflation,0.572015743634256
PRK,"Korea, Dem. People's Rep.",2025,inflation,
PRK,"Korea, Dem. People's Rep.",2024,inflation,
PRK,"Korea, Dem. People's Rep.",2023,inflation,
PRK,"Korea, Dem. People's Rep.",2022,inflation,
PRK,"Korea, Dem. People's Rep.",2021,inflation,
PRK,"Korea, Dem. People's Rep.",2020,inflation,
PRK,"Korea, Dem. People's Rep.",2019,inflation,
PRK,"Korea, Dem. People's Rep.",2018,inflation,
PRK,"Korea, Dem. People's Rep.",2017,inflation,
PRK,"Korea, Dem. People's Rep.",2016,inflation,
PRK,"Korea, Dem. People's Rep.",2015,inflation,
KOR,"Korea, Rep.",2025,inflation,2.12309421458659
KOR,"Korea, Rep.",2024,inflation,2.32174328643542
KOR,"Korea, Rep.",2023,inflation,3.5974562502901
KOR,"Korea, Rep.",2022,inflation,5.08951365062842
KOR,"Korea, Rep.",2021,inflation,2.49833333333339
KOR,"Korea, Rep.",2020,inflation,0.537288023411737
KOR,"Korea, Rep.",2019,inflation,0.383000303608136
KOR,"Korea, Rep.",2018,inflation,1.47583935002645
KOR,"Korea, Rep.",2017,inflation,1.94433230786366
KOR,"Korea, Rep.",2016,inflation,0.971685739912168
KOR,"Korea, Rep.",2015,inflation,0.70633177245575
XKX,Kosovo,2025,inflation,3.85953869869506
XKX,Kosovo,2024,inflation,1.61944994559476
XKX,Kosovo,2023,inflation,4.94432438791283
XKX,Kosovo,2022,inflation,11.5805104542012
XKX,Kosovo,2021,inflation,3.35369139207997
XKX,Kosovo,2020,inflation,0.198227922994854
XKX,Kosovo,2019,inflation,2.67599202639893
XKX,Kosovo,2018,inflation,1.05379773654991
XKX,Kosovo,2017,inflation,1.48823430592319
XKX,Kosovo,2016,inflation,0.273169431045468
XKX,Kosovo,2015,inflation,-0.536929392740659
KWT,Kuwait,2025,inflation,2.36195936682045
KWT,Kuwait,2024,inflation,2.89855072463762
KWT,Kuwait,2023,inflation,3.64216403030709
KWT,Kuwait,2022,inflation,3.98064961990313
KWT,Kuwait,2021,inflation,3.42362947609188
KWT,Kuwait,2020,inflation,2.101729548274
KWT,Kuwait,2019,inflation,1.09184802655856
KWT,Kuwait,2018,inflation,0.543133148199567
KWT,Kuwait,2017,inflation,2.17183298510006
KWT,Kuwait,2016,inflation,3.19839776658374
KWT,Kuwait,2015,inflation,3.27170166092133
KGZ,Kyrgyz Republic,2025,inflation,8.21496013406325
KGZ,Kyrgyz Republic,2024,inflation,4.99760701207323
KGZ,Kyrgyz Republic,2023,inflation,10.7532770416742
KGZ,Kyrgyz Republic,2022,inflation,13.9229093174176
KGZ,Kyrgyz Republic,2021,inflation,11.9050398185147
KGZ,Kyrgyz Republic,2020,inflation,6.32542296338078
KGZ,Kyrgyz Republic,2019,inflation,1.13362257718804
KGZ,Kyrgyz Republic,2018,inflation,1.54266145238436
KGZ,Kyrgyz Republic,2017,inflation,3.1753098637994
KGZ,Kyrgyz Republic,2016,inflation,0.388838296895799
KGZ,Kyrgyz Republic,2015,inflation,6.50331838993384
LAO,Lao PDR,2025,inflation,7.74226936553695
LAO,Lao PDR,2024,inflation,23.1305695942588
LAO,Lao PDR,2023,inflation,31.2301341732646
LAO,Lao PDR,2022,inflation,22.9562225132056
LAO,Lao PDR,2021,inflation,3.75562036658877
LAO,Lao PDR,2020,inflation,5.10407262959919
LAO,Lao PDR,2019,inflation,3.32255881256925
LAO,Lao PDR,2018,inflation,2.04039266890201
LAO,Lao PDR,2017,inflation,0.825478607568026
LAO,Lao PDR,2016,inflation,1.59691227583204
LAO,Lao PDR,2015,inflation,1.27735427102992
LVA,Latvia,2025,inflation,3.74577316751945
LVA,Latvia,2024,inflation,1.26579885828729
LVA,Latvia,2023,inflation,8.9380462331663
LVA,Latvia,2022,inflation,17.3102830198815
LVA,Latvia,2021,inflation,3.27582937431165
LVA,Latvia,2020,inflation,0.219064904841985
LVA,Latvia,2019,inflation,2.81140920075624
LVA,Latvia,2018,inflation,2.53445424186598
LVA,Latvia,2017,inflation,2.93036312374665
LVA,Latvia,2016,inflation,0.140633334505327
LVA,Latvia,2015,inflation,0.174242243625186
LBN,Lebanon,2025,inflation,14.597595869611
LBN,Lebanon,2024,inflation,45.2430422716718
LBN,Lebanon,2023,inflation,221.341644023365
LBN,Lebanon,2022,inflation,171.205491336641
LBN,Lebanon,2021,inflation,154.756096023393
LBN,Lebanon,2020,inflation,84.8643330472041
LBN,Lebanon,2019,inflation,3.00538949390383
LBN,Lebanon,2018,inflation,6.07698907889607
LBN,Lebanon,2017,inflation,4.32135218303191
LBN,Lebanon,2016,inflation,-0.783359624361508
LBN,Lebanon,2015,inflation,-3.74914524799629
LSO,Lesotho,2025,inflation,4.27011140706666
LSO,Lesotho,2024,inflation,6.10544624245032
LSO,Lesotho,2023,inflation,6.34221743124953
LSO,Lesotho,2022,inflation,8.27180389943028
LSO,Lesotho,2021,inflation,6.04774591950676
LSO,Lesotho,2020,inflation,4.97809676252309
LSO,Lesotho,2019,inflation,5.18708359197982
LSO,Lesotho,2018,inflation,4.7518030162474
LSO,Lesotho,2017,inflation,4.447699373763
LSO,Lesotho,2016,inflation,6.59650490696543
LSO,Lesotho,2015,inflation,3.21844513655931
LBR,Liberia,2025,inflation,8.31564329402952
LBR,Liberia,2024,inflation,8.21497439118964
LBR,Liberia,2023,inflation,10.0944535665552
LBR,Liberia,2022,inflation,7.59298486560313
LBR,Liberia,2021,inflation,7.81559385858648
LBR,Liberia,2020,inflation,16.9557241496255
LBR,Liberia,2019,inflation,26.9662760197878
LBR,Liberia,2018,inflation,23.5635148953742
LBR,Liberia,2017,inflation,12.4196323907138
LBR,Liberia,2016,inflation,8.83424868336488
LBR,Liberia,2015,inflation,7.74869687621322
LBY,Libya,2025,inflation,1.84166666666702
LBY,Libya,2024,inflation,2.12615766885021
LBY,Libya,2023,inflation,2.3731753143518
LBY,Libya,2022,inflation,4.51030149235695
LBY,Libya,2021,inflation,2.86833027751015
LBY,Libya,2020,inflation,1.44703656998741
LBY,Libya,2019,inflation,-2.16217883470591
LBY,Libya,2018,inflation,13.1702038536722
LBY,Libya,2017,inflation,25.8036184788337
LBY,Libya,2016,inflation,25.853874212446
LBY,Libya,2015,inflation,10.4022933588151
LIE,Liechtenstein,2025,inflation,
LIE,Liechtenstein,2024,inflation,
LIE,Liechtenstein,2023,inflation,
LIE,Liechtenstein,2022,inflation,
LIE,Liechtenstein,2021,inflation,
LIE,Liechtenstein,2020,inflation,
LIE,Liechtenstein,2019,inflation,
LIE,Liechtenstein,2018,inflation,
LIE,Liechtenstein,2017,inflation,
LIE,Liechtenstein,2016,inflation,
LIE,Liechtenstein,2015,inflation,
LTU,Lithuania,2025,inflation,3.79170510860467
LTU,Lithuania,2024,inflation,0.715735835228723
LTU,Lithuania,2023,inflation,9.11731962390475
LTU,Lithuania,2022,inflation,19.7050461518394
LTU,Lithuania,2021,inflation,4.68354420903453
LTU,Lithuania,2020,inflation,1.19989444983569
LTU,Lithuania,2019,inflation,2.33450937988027
LTU,Lithuania,2018,inflation,2.69792779208394
LTU,Lithuania,2017,inflation,3.72288862303707
LTU,Lithuania,2016,inflation,0.905525075460342
LTU,Lithuania,2015,inflation,-0.884097405500596
LUX,Luxembourg,2025,inflation,2.25723817871726
LUX,Luxembourg,2024,inflation,2.05113269954859
LUX,Luxembourg,2023,inflation,3.74140361983136
LUX,Luxembourg,2022,inflation,6.33600807777919
LUX,Luxembourg,2021,inflation,2.52692009066166
LUX,Luxembourg,2020,inflation,0.819957302127036
LUX,Luxembourg,2019,inflation,1.74332075653848
LUX,Luxembourg,2018,inflation,1.5281952430737
LUX,Luxembourg,2017,inflation,1.73079959118896
LUX,Luxembourg,2016,inflation,0.290833333333225
LUX,Luxembourg,2015,inflation,0.474743161437871
MAC,"Macao SAR, China",2025,inflation,0.333311677308542
MAC,"Macao SAR, China",2024,inflation,0.672498598854365
MAC,"Macao SAR, China",2023,inflation,0.476384495788075
MAC,"Macao SAR, China",2022,inflation,1.04502802369954
MAC,"Macao SAR, China",2021,inflation,0.0264543647055504
MAC,"Macao SAR, China",2020,inflation,0.811410511491512
MAC,"Macao SAR, China",2019,inflation,2.75193081051975
MAC,"Macao SAR, China",2018,inflation,3.00446293166953
MAC,"Macao SAR, China",2017,inflation,1.22812404052809
MAC,"Macao SAR, China",2016,inflation,2.36895749705898
MAC,"Macao SAR, China",2015,inflation,4.56056338028173
MDG,Madagascar,2025,inflation,8.05052431791227
MDG,Madagascar,2024,inflation,7.61335784313723
MDG,Madagascar,2023,inflation,9.87432675044888
MDG,Madagascar,2022,inflation,8.16059031991844
MDG,Madagascar,2021,inflation,5.81225118787715
MDG,Madagascar,2020,inflation,4.20179312190557
MDG,Madagascar,2019,inflation,5.61051441492365
MDG,Madagascar,2018,inflation,8.59422958870476
MDG,Madagascar,2017,inflation,8.60905075422949
MDG,Madagascar,2016,inflation,6.03575858154679
MDG,Madagascar,2015,inflation,7.40419174202129
MWI,Malawi,2025,inflation,28.3702565330281
MWI,Malawi,2024,inflation,32.1796504225025
MWI,Malawi,2023,inflation,28.7897428247298
MWI,Malawi,2022,inflation,20.953969729969
MWI,Malawi,2021,inflation,9.33014410835212
MWI,Malawi,2020,inflation,8.62551469650552
MWI,Malawi,2019,inflation,9.3708360560567
MWI,Malawi,2018,inflation,12.420178108921
MWI,Malawi,2017,inflation,11.5433939188771
MWI,Malawi,2016,inflation,21.7111132136499
MWI,Malawi,2015,inflation,21.8673475542553
MYS,Malaysia,2025,inflation,1.38060872293692
MYS,Malaysia,2024,inflation,1.834100204499
MYS,Malaysia,2023,inflation,2.48886560125754
MYS,Malaysia,2022,inflation,3.37869862549928
MYS,Malaysia,2021,inflation,2.47710241465447
MYS,Malaysia,2020,inflation,-1.1387021539305
MYS,Malaysia,2019,inflation,0.662891865764326
MYS,Malaysia,2018,inflation,0.884709160571235
MYS,Malaysia,2017,inflation,3.87120115774237
MYS,Malaysia,2016,inflation,2.09056659525742
MYS,Malaysia,2015,inflation,2.10438980238359
MDV,Maldives,2025,inflation,4.00578494118752
MDV,Maldives,2024,inflation,1.41093527910134
MDV,Maldives,2023,inflation,2.90372427754586
MDV,Maldives,2022,inflation,2.3305404647725
MDV,Maldives,2021,inflation,0.543149688737013
MDV,Maldives,2020,inflation,-1.36977425569811
MDV,Maldives,2019,inflation,0.220029731065383
MDV,Maldives,2018,inflation,-0.133373386117595
MDV,Maldives,2017,inflation,2.81747338234509
MDV,Maldives,2016,inflation,0.502509413611612
MDV,Maldives,2015,inflation,0.953206658777607
MLI,Mali,2025,inflation,3.27823540357584
MLI,Mali,2024,inflation,3.2063986409966
MLI,Mali,2023,inflation,2.05880228274223
MLI,Mali,2022,inflation,9.62147608489064
MLI,Mali,2021,inflation,3.92560283104277
MLI,Mali,2020,inflation,0.438088940320669
MLI,Mali,2019,inflation,-1.65826694846365
MLI,Mali,2018,inflation,0.299546507387843
MLI,Mali,2017,inflation,1.75985742927165
MLI,Mali,2016,inflation,-1.79964707083386
MLI,Mali,2015,inflation,1.45069057605961
MLT,Malta,2025,inflation,2.36351752252186
MLT,Malta,2024,inflation,1.65079469283109
MLT,Malta,2023,inflation,5.09396758978883
MLT,Malta,2022,inflation,6.15375621933037
MLT,Malta,2021,inflation,1.49789217934724
MLT,Malta,2020,inflation,0.638544956776712
MLT,Malta,2019,inflation,1.6420600176894
MLT,Malta,2018,inflation,1.15782362451517
MLT,Malta,2017,inflation,1.36435448150708
MLT,Malta,2016,inflation,0.642702771527304
MLT,Malta,2015,inflation,1.10054826378929
MHL,Marshall Islands,2025,inflation,
MHL,Marshall Islands,2024,inflation,
MHL,Marshall Islands,2023,inflation,
MHL,Marshall Islands,2022,inflation,
MHL,Marshall Islands,2021,inflation,
MHL,Marshall Islands,2020,inflation,
MHL,Marshall Islands,2019,inflation,
MHL,Marshall Islands,2018,inflation,
MHL,Marshall Islands,2017,inflation,
MHL,Marshall Islands,2016,inflation,
MHL,Marshall Islands,2015,inflation,
MRT,Mauritania,2025,inflation,1.54796926167072
MRT,Mauritania,2024,inflation,2.49164347481972
MRT,Mauritania,2023,inflation,4.95305034506872
MRT,Mauritania,2022,inflation,9.52526628622843
MRT,Mauritania,2021,inflation,3.56516484650185
MRT,Mauritania,2020,inflation,2.3856948845632
MRT,Mauritania,2019,inflation,2.30009262117937
MRT,Mauritania,2018,inflation,3.06735996058356
MRT,Mauritania,2017,inflation,2.25427651934813
MRT,Mauritania,2016,inflation,1.47171045650004
MRT,Mauritania,2015,inflation,3.25472688117631
MUS,Mauritius,2025,inflation,3.67359279962943
MUS,Mauritius,2024,inflation,3.6045220384796
MUS,Mauritius,2023,inflation,7.05298238454736
MUS,Mauritius,2022,inflation,10.7737512242899
MUS,Mauritius,2021,inflation,4.02852888157376
MUS,Mauritius,2020,inflation,2.5808007718283
MUS,Mauritius,2019,inflation,0.405655190309553
MUS,Mauritius,2018,inflation,3.2160538314457
MUS,Mauritius,2017,inflation,3.66699702675925
MUS,Mauritius,2016,inflation,0.977675134718965
MUS,Mauritius,2015,inflation,1.28654970760232
MEX,Mexico,2025,inflation,3.80668650726485
MEX,Mexico,2024,inflation,4.72225588452932
MEX,Mexico,2023,inflation,5.52796087314389
MEX,Mexico,2022,inflation,7.8962761916855
MEX,Mexico,2021,inflation,5.68920847683753
MEX,Mexico,2020,inflation,3.39683415570006
MEX,Mexico,2019,inflation,3.63596142127046
MEX,Mexico,2018,inflation,4.89935015356551
MEX,Mexico,2017,inflation,6.04145724018986
MEX,Mexico,2016,inflation,2.8217078474766
MEX,Mexico,2015,inflation,2.72064064964023
FSM,"Micronesia, Fed. Sts.",2025,inflation,
FSM,"Micronesia, Fed. Sts.",2024,inflation,
FSM,"Micronesia, Fed. Sts.",2023,inflation,
FSM,"Micronesia, Fed. Sts.",2022,inflation,5.40874375479067
FSM,"Micronesia, Fed. Sts.",2021,inflation,3.19128406597466
FSM,"Micronesia, Fed. Sts.",2020,inflation,0.554594630853174
FSM,"Micronesia, Fed. Sts.",2019,inflation,1.92385170787923
FSM,"Micronesia, Fed. Sts.",2018,inflation,1.49840023593737
FSM,"Micronesia, Fed. Sts.",2017,inflation,0.58225373525489
FSM,"Micronesia, Fed. Sts.",2016,inflation,-1.03746806405349
FSM,"Micronesia, Fed. Sts.",2015,inflation,-0.2981158373807
MDA,Moldova,2025,inflation,7.75904124001159
MDA,Moldova,2024,inflation,4.67773516007048
MDA,Moldova,2023,inflation,13.41701043813
MDA,Moldova,2022,inflation,28.7372976766236
MDA,Moldova,2021,inflation,5.10641129002836
MDA,Moldova,2020,inflation,3.76597122245358
MDA,Moldova,2019,inflation,4.83778351428729
MDA,Moldova,2018,inflation,3.04505397337058
MDA,Moldova,2017,inflation,6.57022997455604
MDA,Moldova,2016,inflation,6.35930898037931
MDA,Moldova,2015,inflation,9.67624033101859
MCO,Monaco,2025,inflation,
MCO,Monaco,2024,inflation,
MCO,Monaco,2023,inflation,
MCO,Monaco,2022,inflation,
MCO,Monaco,2021,inflation,
MCO,Monaco,2020,inflation,
MCO,Monaco,2019,inflation,
MCO,Monaco,2018,inflation,
MCO,Monaco,2017,inflation,
MCO,Monaco,2016,inflation,
MCO,Monaco,2015,inflation,
MNG,Mongolia,2025,inflation,8.60536487369695
MNG,Mongolia,2024,inflation,6.1977990165842
MNG,Mongolia,2023,inflation,10.347583131434
MNG,Mongolia,2022,inflation,15.1509728200805
MNG,Mongolia,2021,inflation,7.35894657888155
MNG,Mongolia,2020,inflation,3.7237230614026
MNG,Mongolia,2019,inflation,7.30106953550729
MNG,Mongolia,2018,inflation,6.82424790145522
MNG,Mongolia,2017,inflation,4.30143105302342
MNG,Mongolia,2016,inflation,0.733272227314397
MNG,Mongolia,2015,inflation,5.73568281938327
MNE,Montenegro,2025,inflation,3.89960910704956
MNE,Montenegro,2024,inflation,3.33675009282281
MNE,Montenegro,2023,inflation,8.58476910455403
MNE,Montenegro,2022,inflation,13.0403036347004
MNE,Montenegro,2021,inflation,2.41080198403165
MNE,Montenegro,2020,inflation,-0.255655699848551
MNE,Montenegro,2019,inflation,0.361563704540767
MNE,Montenegro,2018,inflation,2.611223782638
MNE,Montenegro,2017,inflation,2.3802359905313
MNE,Montenegro,2016,inflation,-0.271385023385176
MNE,Montenegro,2015,inflation,1.54869158222486
MAR,Morocco,2025,inflation,0.701902154839545
MAR,Morocco,2024,inflation,0.985256592004507
MAR,Morocco,2023,inflation,6.09114152504141
MAR,Morocco,2022,inflation,6.65704202759067
MAR,Morocco,2021,inflation,1.40195883962006
MAR,Morocco,2020,inflation,0.705968661338261
MAR,Morocco,2019,inflation,0.303386036590383
MAR,Morocco,2018,inflation,1.80391671141896
MAR,Morocco,2017,inflation,0.754663249323619
MAR,Morocco,2016,inflation,1.63531114327064
MAR,Morocco,2015,inflation,1.5579071134626
MOZ,Mozambique,2025,inflation,4.3684695014615
MOZ,Mozambique,2024,inflation,4.07856834812022
MOZ,Mozambique,2023,inflation,7.12697482131851
MOZ,Mozambique,2022,inflation,10.2794018093421
MOZ,Mozambique,2021,inflation,6.40847652975692
MOZ,Mozambique,2020,inflation,3.48393567493204
MOZ,Mozambique,2019,inflation,2.80270307928111
MOZ,Mozambique,2018,inflation,3.91133439990729
MOZ,Mozambique,2017,inflation,15.1132073899384
MOZ,Mozambique,2016,inflation,17.4180418197597
MOZ,Mozambique,2015,inflation,3.55075967356746
MMR,Myanmar,2025,inflation,
MMR,Myanmar,2024,inflation,
MMR,Myanmar,2023,inflation,
MMR,Myanmar,2022,inflation,
MMR,Myanmar,2021,inflation,
MMR,Myanmar,2020,inflation,
MMR,Myanmar,2019,inflation,8.82506696804558
MMR,Myanmar,2018,inflation,6.87232865662935
MMR,Myanmar,2017,inflation,4.5725365531752
MMR,Myanmar,2016,inflation,6.92882525816076
MMR,Myanmar,2015,inflation,9.45417189526018
NAM,Namibia,2025,inflation,3.51074539609587
NAM,Namibia,2024,inflation,4.23903922877036
NAM,Namibia,2023,inflation,5.87993463284275
NAM,Namibia,2022,inflation,6.08128114112413
NAM,Namibia,2021,inflation,3.61690530108814
NAM,Namibia,2020,inflation,2.20938236933469
NAM,Namibia,2019,inflation,3.72239414422695
NAM,Namibia,2018,inflation,4.29159105337875
NAM,Namibia,2017,inflation,6.14579981111164
NAM,Namibia,2016,inflation,6.72858234593338
NAM,Namibia,2015,inflation,3.39401538410559
NRU,Naoero,2025,inflation,
NRU,Naoero,2024,inflation,
NRU,Naoero,2023,inflation,
NRU,Naoero,2022,inflation,
NRU,Naoero,2021,inflation,
NRU,Naoero,2020,inflation,
NRU,Naoero,2019,inflation,
NRU,Naoero,2018,inflation,
NRU,Naoero,2017,inflation,
NRU,Naoero,2016,inflation,
NRU,Naoero,2015,inflation,
NPL,Nepal,2025,inflation,2.65334269811436
NPL,Nepal,2024,inflation,4.6850965426577
NPL,Nepal,2023,inflation,7.11587261530826
NPL,Nepal,2022,inflation,7.6702057938028
NPL,Nepal,2021,inflation,4.12676744440695
NPL,Nepal,2020,inflation,5.05635826238499
NPL,Nepal,2019,inflation,5.56616035243723
NPL,Nepal,2018,inflation,4.40659410175714
NPL,Nepal,2017,inflation,2.77703998300211
NPL,Nepal,2016,inflation,8.7903433200464
NPL,Nepal,2015,inflation,7.86890895590891
NLD,Netherlands,2025,inflation,3.2595766451366
NLD,Netherlands,2024,inflation,3.34754304219953
NLD,Netherlands,2023,inflation,3.83839354342808
NLD,Netherlands,2022,inflation,10.0012078753473
NLD,Netherlands,2021,inflation,2.67572008805385
NLD,Netherlands,2020,inflation,1.27246037789161
NLD,Netherlands,2019,inflation,2.63369910249591
NLD,Netherlands,2018,inflation,1.70349794744479
NLD,Netherlands,2017,inflation,1.38145871407216
NLD,Netherlands,2016,inflation,0.316666666666652
NLD,Netherlands,2015,inflation,0.600248147278776
NCL,New Caledonia,2025,inflation,
NCL,New Caledonia,2024,inflation,
NCL,New Caledonia,2023,inflation,
NCL,New Caledonia,2022,inflation,
NCL,New Caledonia,2021,inflation,
NCL,New Caledonia,2020,inflation,
NCL,New Caledonia,2019,inflation,
NCL,New Caledonia,2018,inflation,
NCL,New Caledonia,2017,inflation,
NCL,New Caledonia,2016,inflation,0.578317435520754
NCL,New Caledonia,2015,inflation,0.570508141048402
NZL,New Zealand,2025,inflation,2.8397963180572
NZL,New Zealand,2024,inflation,2.92279782301957
NZL,New Zealand,2023,inflation,5.73316283034957
NZL,New Zealand,2022,inflation,7.17222476016441
NZL,New Zealand,2021,inflation,3.94112060778728
NZL,New Zealand,2020,inflation,1.71456170007245
NZL,New Zealand,2019,inflation,1.61963190184048
NZL,New Zealand,2018,inflation,1.59829703801696
NZL,New Zealand,2017,inflation,1.85078767452536
NZL,New Zealand,2016,inflation,0.646240284454524
NZL,New Zealand,2015,inflation,0.292704628136101
NIC,Nicaragua,2025,inflation,2.08132127098376
NIC,Nicaragua,2024,inflation,4.62473841057141
NIC,Nicaragua,2023,inflation,8.38765854872536
NIC,Nicaragua,2022,inflation,10.4674244465991
NIC,Nicaragua,2021,inflation,4.92841396948968
NIC,Nicaragua,2020,inflation,3.68181341625572
NIC,Nicaragua,2019,inflation,5.37628990844126
NIC,Nicaragua,2018,inflation,4.94723728039886
NIC,Nicaragua,2017,inflation,3.85067166284727
NIC,Nicaragua,2016,inflation,3.52317317628473
NIC,Nicaragua,2015,inflation,3.99737996694396
NER,Niger,2025,inflation,-4.45470804102568
NER,Niger,2024,inflation,9.07151997725013
NER,Niger,2023,inflation,3.70097316425834
NER,Niger,2022,inflation,4.22621791916392
NER,Niger,2021,inflation,3.8378680284051
NER,Niger,2020,inflation,2.8981937602627
NER,Niger,2019,inflation,-2.48979265070855
NER,Niger,2018,inflation,2.96760366004456
NER,Niger,2017,inflation,2.79637318871284
NER,Niger,2016,inflation,1.65388922387806
NER,Niger,2015,inflation,-0.576090369833189
NGA,Nigeria,2025,inflation,23.0101235833333
NGA,Nigeria,2024,inflation,33.2416590552749
NGA,Nigeria,2023,inflation,24.659550203114
NGA,Nigeria,2022,inflation,18.8471877843274
NGA,Nigeria,2021,inflation,16.9528457221608
NGA,Nigeria,2020,inflation,13.2460234276598
NGA,Nigeria,2019,inflation,11.3964223378115
NGA,Nigeria,2018,inflation,12.0951065173432
NGA,Nigeria,2017,inflation,16.5022662139641
NGA,Nigeria,2016,inflation,15.6968126387972
NGA,Nigeria,2015,inflation,9.00943498007706
MKD,North Macedonia,2025,inflation,4.07249176848348
MKD,North Macedonia,2024,inflation,3.48974086026954
MKD,North Macedonia,2023,inflation,9.36187249769015
MKD,North Macedonia,2022,inflation,14.2047173195833
MKD,North Macedonia,2021,inflation,3.23074912132928
MKD,North Macedonia,2020,inflation,1.20007348888469
MKD,North Macedonia,2019,inflation,0.766439573459805
MKD,North Macedonia,2018,inflation,1.45831298507126
MKD,North Macedonia,2017,inflation,1.35161889677442
MKD,North Macedonia,2016,inflation,-0.239290787684501
MKD,North Macedonia,2015,inflation,-0.299920475631462
MNP,Northern Mariana Islands,2025,inflation,
MNP,Northern Mariana Islands,2024,inflation,
MNP,Northern Mariana Islands,2023,inflation,
MNP,Northern Mariana Islands,2022,inflation,
MNP,Northern Mariana Islands,2021,inflation,
MNP,Northern Mariana Islands,2020,inflation,
MNP,Northern Mariana Islands,2019,inflation,
MNP,Northern Mariana Islands,2018,inflation,
MNP,Northern Mariana Islands,2017,inflation,
MNP,Northern Mariana Islands,2016,inflation,
MNP,Northern Mariana Islands,2015,inflation,
NOR,Norway,2025,inflation,3.05562484410077
NOR,Norway,2024,inflation,3.14530134431081
NOR,Norway,2023,inflation,5.51784987104659
NOR,Norway,2022,inflation,5.76412317852272
NOR,Norway,2021,inflation,3.48388055266669
NOR,Norway,2020,inflation,1.28658490707996
NOR,Norway,2019,inflation,2.16773003305411
NOR,Norway,2018,inflation,2.76483134528797
NOR,Norway,2017,inflation,1.87510059552545
NOR,Norway,2016,inflation,3.55000000000007
NOR,Norway,2015,inflation,2.17113665389527
OMN,Oman,2025,inflation,0.967741935483928
OMN,Oman,2024,inflation,0.593589236248469
OMN,Oman,2023,inflation,0.950782997762827
OMN,Oman,2022,inflation,2.5061425061425
OMN,Oman,2021,inflation,1.68221185876085
OMN,Oman,2020,inflation,-0.40640291946585
OMN,Oman,2019,inflation,0.490815362820671
OMN,Oman,2018,inflation,0.889312370970404
OMN,Oman,2017,inflation,1.58909413567799
OMN,Oman,2016,inflation,1.10920805807027
OMN,Oman,2015,inflation,0.0652901330286599
PAK,Pakistan,2025,inflation,3.54555214890893
PAK,Pakistan,2024,inflation,12.6325318530452
PAK,Pakistan,2023,inflation,30.7681280657005
PAK,Pakistan,2022,inflation,19.8738599646655
PAK,Pakistan,2021,inflation,9.49641577285205
PAK,Pakistan,2020,inflation,9.74011619320125
PAK,Pakistan,2019,inflation,10.5780305672025
PAK,Pakistan,2018,inflation,5.07805725868917
PAK,Pakistan,2017,inflation,4.08537368032608
PAK,Pakistan,2016,inflation,3.7651191635658
PAK,Pakistan,2015,inflation,2.52932817254229
PLW,Palau,2025,inflation,-0.418410041841039
PLW,Palau,2024,inflation,2.23172772921704
PLW,Palau,2023,inflation,12.8199748216534
PLW,Palau,2022,inflation,12.3526638378124
PLW,Palau,2021,inflation,2.6124818577648
PLW,Palau,2020,inflation,0.218181818181833
PLW,Palau,2019,inflation,0.26737967914444
PLW,Palau,2018,inflation,2.10970464135017
PLW,Palau,2017,inflation,1.4179881966692
PLW,Palau,2016,inflation,-1.04230533415074
PLW,Palau,2015,inflation,0.949040643697081
PAN,Panama,2025,inflation,-0.189587880235675
PAN,Panama,2024,inflation,0.69322555100446
PAN,Panama,2023,inflation,1.48641355277038
PAN,Panama,2022,inflation,2.85965128834711
PAN,Panama,2021,inflation,1.63070337301898
PAN,Panama,2020,inflation,-1.55027540803761
PAN,Panama,2019,inflation,-0.355083821021246
PAN,Panama,2018,inflation,0.761578359399945
PAN,Panama,2017,inflation,0.875585918759963
PAN,Panama,2016,inflation,0.73973402529995
PAN,Panama,2015,inflation,0.137492058461588
PNG,Papua New Guinea,2025,inflation,4.42141364166485
PNG,Papua New Guinea,2024,inflation,0.602403921107917
PNG,Papua New Guinea,2023,inflation,2.29869991296791
PNG,Papua New Guinea,2022,inflation,5.25323922215241
PNG,Papua New Guinea,2021,inflation,4.48359014042398
PNG,Papua New Guinea,2020,inflation,4.87167398565555
PNG,Papua New Guinea,2019,inflation,3.92867290939597
PNG,Papua New Guinea,2018,inflation,4.37448921453162
PNG,Papua New Guinea,2017,inflation,5.42204568023834
PNG,Papua New Guinea,2016,inflation,6.6737288135593
PNG,Papua New Guinea,2015,inflation,5.99595778127107
PRY,Paraguay,2025,inflation,4.0380642333938
PRY,Paraguay,2024,inflation,3.83540271728533
PRY,Paraguay,2023,inflation,4.63202285403356
PRY,Paraguay,2022,inflation,9.76556667164402
PRY,Paraguay,2021,inflation,4.787983101236
PRY,Paraguay,2020,inflation,1.76751592356698
PRY,Paraguay,2019,inflation,2.75709727562775
PRY,Paraguay,2018,inflation,3.97561015740694
PRY,Paraguay,2017,inflation,3.60247741348943
PRY,Paraguay,2016,inflation,4.08682280577241
PRY,Paraguay,2015,inflation,3.12900274473925
PER,Peru,2025,inflation,1.53125450314273
PER,Peru,2024,inflation,2.00770739412712
PER,Peru,2023,inflation,6.45561348369586
PER,Peru,2022,inflation,8.33370630096231
PER,Peru,2021,inflation,4.27166381536798
PER,Peru,2020,inflation,2.00241205759292
PER,Peru,2019,inflation,2.25212191358027
PER,Peru,2018,inflation,1.50915423024742
PER,Peru,2017,inflation,2.99490045809443
PER,Peru,2016,inflation,3.55717663556279
PER,Peru,2015,inflation,3.39809194746308
PHL,Philippines,2025,inflation,1.6587364525509
PHL,Philippines,2024,inflation,3.21260487006347
PHL,Philippines,2023,inflation,5.97802515541409
PHL,Philippines,2022,inflation,5.82115811213955
PHL,Philippines,2021,inflation,3.92718022100332
PHL,Philippines,2020,inflation,2.3931623931624
PHL,Philippines,2019,inflation,2.39206534422404
PHL,Philippines,2018,inflation,5.30934661627707
PHL,Philippines,2017,inflation,2.85318772590947
PHL,Philippines,2016,inflation,1.25369880080982
PHL,Philippines,2015,inflation,0.674192536845408
POL,Poland,2025,inflation,3.81419531520146
POL,Poland,2024,inflation,3.79060897630197
POL,Poland,2023,inflation,11.5289127961105
POL,Poland,2022,inflation,14.4294507575758
POL,Poland,2021,inflation,5.05502704719272
POL,Poland,2020,inflation,3.37446972618589
POL,Poland,2019,inflation,2.22747880938291
POL,Poland,2018,inflation,1.81295156542689
POL,Poland,2017,inflation,2.07593553673859
POL,Poland,2016,inflation,-0.664767331433962
POL,Poland,2015,inflation,-0.874125874125862
PRT,Portugal,2025,inflation,2.33601620316701
PRT,Portugal,2024,inflation,2.41613187791876
PRT,Portugal,2023,inflation,4.31128191898681
PRT,Portugal,2022,inflation,7.83269124233323
PRT,Portugal,2021,inflation,1.26565719069044
PRT,Portugal,2020,inflation,-0.0124383299576209
PRT,Portugal,2019,inflation,0.338178410046124
PRT,Portugal,2018,inflation,0.993715683468233
PRT,Portugal,2017,inflation,1.36861411643482
PRT,Portugal,2016,inflation,0.607397074641719
PRT,Portugal,2015,inflation,0.48793862390472
PRI,Puerto Rico (US),2025,inflation,
PRI,Puerto Rico (US),2024,inflation,
PRI,Puerto Rico (US),2023,inflation,
PRI,Puerto Rico (US),2022,inflation,
PRI,Puerto Rico (US),2021,inflation,
PRI,Puerto Rico (US),2020,inflation,
PRI,Puerto Rico (US),2019,inflation,
PRI,Puerto Rico (US),2018,inflation,
PRI,Puerto Rico (US),2017,inflation,
PRI,Puerto Rico (US),2016,inflation,
PRI,Puerto Rico (US),2015,inflation,
QAT,Qatar,2025,inflation,
QAT,Qatar,2024,inflation,1.26734310292375
QAT,Qatar,2023,inflation,3.02764899198902
QAT,Qatar,2022,inflation,4.99527553740761
QAT,Qatar,2021,inflation,2.30446565742003
QAT,Qatar,2020,inflation,-2.5403150300476
QAT,Qatar,2019,inflation,-0.666641124861147
QAT,Qatar,2018,inflation,0.255815382724408
QAT,Qatar,2017,inflation,0.394878914083005
QAT,Qatar,2016,inflation,2.6765917009819
QAT,Qatar,2015,inflation,1.8140772393776
ROU,Romania,2025,inflation,7.18903362292063
ROU,Romania,2024,inflation,5.72140574354439
ROU,Romania,2023,inflation,10.3971874764996
ROU,Romania,2022,inflation,13.7954887432521
ROU,Romania,2021,inflation,5.05232876096582
ROU,Romania,2020,inflation,2.63107311184743
ROU,Romania,2019,inflation,3.82785432599438
ROU,Romania,2018,inflation,4.62548443137779
ROU,Romania,2017,inflation,1.3390212110439
ROU,Romania,2016,inflation,-1.54479666813897
ROU,Romania,2015,inflation,-0.594156437495203
RUS,Russian Federation,2025,inflation,8.71986939402666
RUS,Russian Federation,2024,inflation,8.43486410496723
RUS,Russian Federation,2023,inflation,5.86571931748967
RUS,Russian Federation,2022,inflation,13.7436797398232
RUS,Russian Federation,2021,inflation,6.69445891957612
RUS,Russian Federation,2020,inflation,3.38219796948068
RUS,Russian Federation,2019,inflation,4.47202631837903
RUS,Russian Federation,2018,inflation,2.87831382614981
RUS,Russian Federation,2017,inflation,3.68333072334495
RUS,Russian Federation,2016,inflation,7.04243725413707
RUS,Russian Federation,2015,inflation,15.5343959935701
RWA,Rwanda,2025,inflation,5.913000168826
RWA,Rwanda,2024,inflation,1.77029240198635
RWA,Rwanda,2023,inflation,19.789546746467
RWA,Rwanda,2022,inflation,17.6892095588153
RWA,Rwanda,2021,inflation,-0.391346748300791
RWA,Rwanda,2020,inflation,9.85039902274207
RWA,Rwanda,2019,inflation,3.34787655037648
RWA,Rwanda,2018,inflation,-0.311210160390699
RWA,Rwanda,2017,inflation,8.27953672260832
RWA,Rwanda,2016,inflation,7.17434301982009
RWA,Rwanda,2015,inflation,2.52850284192421
WSM,Samoa,2025,inflation,2.2119620764675
WSM,Samoa,2024,inflation,2.17245530514377
WSM,Samoa,2023,inflation,7.92164684826777
WSM,Samoa,2022,inflation,10.9618822286844
WSM,Samoa,2021,inflation,3.13320473174494
WSM,Samoa,2020,inflation,-1.56891247740895
WSM,Samoa,2019,inflation,0.982326569888117
WSM,Samoa,2018,inflation,4.19745888663752
WSM,Samoa,2017,inflation,1.74989677484705
WSM,Samoa,2016,inflation,1.30471869303179
WSM,Samoa,2015,inflation,0.724470134874729
SMR,San Marino,2025,inflation,2.29519525025037
SMR,San Marino,2024,inflation,1.24216507945569
SMR,San Marino,2023,inflation,5.93190858629403
SMR,San Marino,2022,inflation,5.32545321311365
SMR,San Marino,2021,inflation,1.61551411551421
SMR,San Marino,2020,inflation,-0.133368898372915
SMR,San Marino,2019,inflation,0.472651967352852
SMR,San Marino,2018,inflation,1.16333522293158
SMR,San Marino,2017,inflation,1.01413313194508
SMR,San Marino,2016,inflation,0.644075340346552
SMR,San Marino,2015,inflation,0.145686073241066
STP,Sao Tome and Principe,2025,inflation,11.0474362281814
STP,Sao Tome and Principe,2024,inflation,14.3519273571008
STP,Sao Tome and Principe,2023,inflation,21.2589138473
STP,Sao Tome and Principe,2022,inflation,18.0056351122841
STP,Sao Tome and Principe,2021,inflation,8.13777038378732
STP,Sao Tome and Principe,2020,inflation,9.81932791540146
STP,Sao Tome and Principe,2019,inflation,7.72024525213248
STP,Sao Tome and Principe,2018,inflation,7.86859628873909
STP,Sao Tome and Principe,2017,inflation,5.6902961992902
STP,Sao Tome and Principe,2016,inflation,5.43051966119156
STP,Sao Tome and Principe,2015,inflation,5.24587835022454
SAU,Saudi Arabia,2025,inflation,2.08420853585036
SAU,Saudi Arabia,2024,inflation,1.68792112375809
SAU,Saudi Arabia,2023,inflation,2.32708518362706
SAU,Saudi Arabia,2022,inflation,2.47407371925372
SAU,Saudi Arabia,2021,inflation,3.06328988941548
SAU,Saudi Arabia,2020,inflation,3.37234961012303
SAU,Saudi Arabia,2019,inflation,-1.19298644533328
SAU,Saudi Arabia,2018,inflation,2.46594308994843
SAU,Saudi Arabia,2017,inflation,-0.834845735027162
SAU,Saudi Arabia,2016,inflation,2.05347076823965
SAU,Saudi Arabia,2015,inflation,1.22269318552328
SEN,Senegal,2025,inflation,1.45900719841385
SEN,Senegal,2024,inflation,0.804503298792438
SEN,Senegal,2023,inflation,5.93947798773215
SEN,Senegal,2022,inflation,9.69681899081073
SEN,Senegal,2021,inflation,2.18032278088147
SEN,Senegal,2020,inflation,2.54314685681662
SEN,Senegal,2019,inflation,1.76011151192939
SEN,Senegal,2018,inflation,0.460985642464188
SEN,Senegal,2017,inflation,1.31815314847789
SEN,Senegal,2016,inflation,0.837284942557434
SEN,Senegal,2015,inflation,0.135211933635165
SRB,Serbia,2025,inflation,3.8903678606001
SRB,Serbia,2024,inflation,4.6705297488997
SRB,Serbia,2023,inflation,12.3719043552519
SRB,Serbia,2022,inflation,11.9815117344703
SRB,Serbia,2021,inflation,4.08510285335102
SRB,Serbia,2020,inflation,1.57553290083415
SRB,Serbia,2019,inflation,1.84922984511086
SRB,Serbia,2018,inflation,1.95984076293801
SRB,Serbia,2017,inflation,3.13106248590115
SRB,Serbia,2016,inflation,1.12231397417769
SRB,Serbia,2015,inflation,1.39235822000187
SYC,Seychelles,2025,inflation,0.297589655467556
SYC,Seychelles,2024,inflation,0.311726050919668
SYC,Seychelles,2023,inflation,-1.03530088431952
SYC,Seychelles,2022,inflation,2.6260363285129
SYC,Seychelles,2021,inflation,9.76909936973542
SYC,Seychelles,2020,inflation,1.20266463987123
SYC,Seychelles,2019,inflation,1.80709400809982
SYC,Seychelles,2018,inflation,3.70291839111568
SYC,Seychelles,2017,inflation,2.85679575568437
SYC,Seychelles,2016,inflation,-1.01548191697626
SYC,Seychelles,2015,inflation,4.04194410725617
SLE,Sierra Leone,2025,inflation,7.48750166612986
SLE,Sierra Leone,2024,inflation,28.6337500014115
SLE,Sierra Leone,2023,inflation,47.6428733253179
SLE,Sierra Leone,2022,inflation,27.2082883814653
SLE,Sierra Leone,2021,inflation,11.8739588840234
SLE,Sierra Leone,2020,inflation,13.4468711101052
SLE,Sierra Leone,2019,inflation,14.8049990906021
SLE,Sierra Leone,2018,inflation,16.0295447693699
SLE,Sierra Leone,2017,inflation,18.2215094003386
SLE,Sierra Leone,2016,inflation,10.8860609413903
SLE,Sierra Leone,2015,inflation,6.68943562498681
SGP,Singapore,2025,inflation,0.902998495002676
SGP,Singapore,2024,inflation,2.38951123595017
SGP,Singapore,2023,inflation,4.83372362825798
SGP,Singapore,2022,inflation,6.13095418919732
SGP,Singapore,2021,inflation,2.31610315765146
SGP,Singapore,2020,inflation,-0.172111865925382
SGP,Singapore,2019,inflation,0.567829988405447
SGP,Singapore,2018,inflation,0.438784215129623
SGP,Singapore,2017,inflation,0.576763191179996
SGP,Singapore,2016,inflation,-0.529809760375464
SGP,Singapore,2015,inflation,-0.521975611895763
SXM,Sint Maarten (Dutch part),2025,inflation,
SXM,Sint Maarten (Dutch part),2024,inflation,
SXM,Sint Maarten (Dutch part),2023,inflation,
SXM,Sint Maarten (Dutch part),2022,inflation,
SXM,Sint Maarten (Dutch part),2021,inflation,
SXM,Sint Maarten (Dutch part),2020,inflation,
SXM,Sint Maarten (Dutch part),2019,inflation,
SXM,Sint Maarten (Dutch part),2018,inflation,
SXM,Sint Maarten (Dutch part),2017,inflation,2.19201010962985
SXM,Sint Maarten (Dutch part),2016,inflation,0.111682655737579
SXM,Sint Maarten (Dutch part),2015,inflation,0.330027165141066
SVK,Slovak Republic,2025,inflation,4.00042823495829
SVK,Slovak Republic,2024,inflation,2.75760909424279
SVK,Slovak Republic,2023,inflation,10.5319476645211
SVK,Slovak Republic,2022,inflation,12.7741463637611
SVK,Slovak Republic,2021,inflation,3.1496062992126
SVK,Slovak Republic,2020,inflation,1.93694126694223
SVK,Slovak Republic,2019,inflation,2.6645613342544
SVK,Slovak Republic,2018,inflation,2.51403712883803
SVK,Slovak Republic,2017,inflation,1.31194588223247
SVK,Slovak Republic,2016,inflation,-0.520010196278358
SVK,Slovak Republic,2015,inflation,-0.325219777427765
SVN,Slovenia,2025,inflation,2.37284807226549
SVN,Slovenia,2024,inflation,1.96562656432505
SVN,Slovenia,2023,inflation,7.44687717385846
SVN,Slovenia,2022,inflation,8.83369886749452
SVN,Slovenia,2021,inflation,1.91706506089269
SVN,Slovenia,2020,inflation,-0.05485681576061
SVN,Slovenia,2019,inflation,1.63052260754335
SVN,Slovenia,2018,inflation,1.7386086198818
SVN,Slovenia,2017,inflation,1.42910743319306
SVN,Slovenia,2016,inflation,-0.0549995416705683
SVN,Slovenia,2015,inflation,-0.525552285820783
SLB,Solomon Islands,2025,inflation,3.36462189317825
SLB,Solomon Islands,2024,inflation,4.32183948388033
SLB,Solomon Islands,2023,inflation,5.88585897042164
SLB,Solomon Islands,2022,inflation,5.51812928576938
SLB,Solomon Islands,2021,inflation,-0.115437894412839
SLB,Solomon Islands,2020,inflation,2.96354992076065
SLB,Solomon Islands,2019,inflation,1.63485544012247
SLB,Solomon Islands,2018,inflation,3.46147484973729
SLB,Solomon Islands,2017,inflation,0.488686760261083
SLB,Solomon Islands,2016,inflation,0.512485626268792
SLB,Solomon Islands,2015,inflation,-0.57446928635949
SOM,"Somalia, Fed. Rep.",2025,inflation,
SOM,"Somalia, Fed. Rep.",2024,inflation,
SOM,"Somalia, Fed. Rep.",2023,inflation,
SOM,"Somalia, Fed. Rep.",2022,inflation,
SOM,"Somalia, Fed. Rep.",2021,inflation,
SOM,"Somalia, Fed. Rep.",2020,inflation,
SOM,"Somalia, Fed. Rep.",2019,inflation,
SOM,"Somalia, Fed. Rep.",2018,inflation,
SOM,"Somalia, Fed. Rep.",2017,inflation,
SOM,"Somalia, Fed. Rep.",2016,inflation,
SOM,"Somalia, Fed. Rep.",2015,inflation,
ZAF,South Africa,2025,inflation,3.20550474112603
ZAF,South Africa,2024,inflation,4.36115246518962
ZAF,South Africa,2023,inflation,6.0752438457966
ZAF,South Africa,2022,inflation,7.03987272546482
ZAF,South Africa,2021,inflation,4.61874544887136
ZAF,South Africa,2020,inflation,3.23238831615113
ZAF,South Africa,2019,inflation,4.10285075461156
ZAF,South Africa,2018,inflation,4.50987264867388
ZAF,South Africa,2017,inflation,5.18618655524149
ZAF,South Africa,2016,inflation,6.60290842394872
ZAF,South Africa,2015,inflation,4.51869094892506
SSD,South Sudan,2025,inflation,
SSD,South Sudan,2024,inflation,91.4408220769046
SSD,South Sudan,2023,inflation,2.38280434813754
SSD,South Sudan,2022,inflation,-6.68732094212668
SSD,South Sudan,2021,inflation,10.5167158294358
SSD,South Sudan,2020,inflation,29.6758435538572
SSD,South Sudan,2019,inflation,87.2413641500032
SSD,South Sudan,2018,inflation,83.5015294922
SSD,South Sudan,2017,inflation,187.851630279442
SSD,South Sudan,2016,inflation,379.999585624026
SSD,South Sudan,2015,inflation,52.7663304192143
ESP,Spain,2025,inflation,2.699932857627
ESP,Spain,2024,inflation,2.747147886618
ESP,Spain,2023,inflation,3.53236133492433
ESP,Spain,2022,inflation,8.39057634118637
ESP,Spain,2021,inflation,3.09313511976402
ESP,Spain,2020,inflation,-0.322753017299649
ESP,Spain,2019,inflation,0.699518994458648
ESP,Spain,2018,inflation,1.67498136863799
ESP,Spain,2017,inflation,1.95607633363954
ESP,Spain,2016,inflation,-0.202598000426358
ESP,Spain,2015,inflation,-0.500365709903243
LKA,Sri Lanka,2025,inflation,-4.76386036960983
LKA,Sri Lanka,2024,inflation,-0.42936004906973
LKA,Sri Lanka,2023,inflation,16.5411742279832
LKA,Sri Lanka,2022,inflation,49.7211021114327
LKA,Sri Lanka,2021,inflation,7.01478071238195
LKA,Sri Lanka,2020,inflation,6.15394508391738
LKA,Sri Lanka,2019,inflation,3.52839358231811
LKA,Sri Lanka,2018,inflation,2.135037737132
LKA,Sri Lanka,2017,inflation,7.70413767850602
LKA,Sri Lanka,2016,inflation,3.9588884659307
LKA,Sri Lanka,2015,inflation,3.76836783062096
KNA,St. Kitts and Nevis,2025,inflation,
KNA,St. Kitts and Nevis,2024,inflation,
KNA,St. Kitts and Nevis,2023,inflation,3.55711230848243
KNA,St. Kitts and Nevis,2022,inflation,2.66817533111249
KNA,St. Kitts and Nevis,2021,inflation,1.195688870384
KNA,St. Kitts and Nevis,2020,inflation,-1.16724501769353
KNA,St. Kitts and Nevis,2019,inflation,-0.329562063663977
KNA,St. Kitts and Nevis,2018,inflation,-1.03712214131572
KNA,St. Kitts and Nevis,2017,inflation,0.694916711613604
KNA,St. Kitts and Nevis,2016,inflation,-0.687037123294039
KNA,St. Kitts and Nevis,2015,inflation,-2.30187563045616
LCA,St. Lucia,2025,inflation,2.02709512086274
LCA,St. Lucia,2024,inflation,-0.674240853418779
LCA,St. Lucia,2023,inflation,3.81914546156358
LCA,St. Lucia,2022,inflation,9.65268564265764
LCA,St. Lucia,2021,inflation,2.41070312174393
LCA,St. Lucia,2020,inflation,-1.75580833517594
LCA,St. Lucia,2019,inflation,0.539087559191757
LCA,St. Lucia,2018,inflation,1.93561893150602
LCA,St. Lucia,2017,inflation,0.104262078958441
LCA,St. Lucia,2016,inflation,-3.07821765676927
LCA,St. Lucia,2015,inflation,-0.983600952696996
MAF,St. Martin (French part),2025,inflation,
MAF,St. Martin (French part),2024,inflation,
MAF,St. Martin (French part),2023,inflation,
MAF,St. Martin (French part),2022,inflation,
MAF,St. Martin (French part),2021,inflation,
MAF,St. Martin (French part),2020,inflation,
MAF,St. Martin (French part),2019,inflation,
MAF,St. Martin (French part),2018,inflation,
MAF,St. Martin (French part),2017,inflation,
MAF,St. Martin (French part),2016,inflation,
MAF,St. Martin (French part),2015,inflation,
VCT,St. Vincent and the Grenadines,2025,inflation,0.815322893749171
VCT,St. Vincent and the Grenadines,2024,inflation,3.62770736940927
VCT,St. Vincent and the Grenadines,2023,inflation,4.56457719814894
VCT,St. Vincent and the Grenadines,2022,inflation,5.66009779226552
VCT,St. Vincent and the Grenadines,2021,inflation,1.57272932500558
VCT,St. Vincent and the Grenadines,2020,inflation,-0.628131309354654
VCT,St. Vincent and the Grenadines,2019,inflation,0.91306972532459
VCT,St. Vincent and the Grenadines,2018,inflation,2.32414485367921
VCT,St. Vincent and the Grenadines,2017,inflation,2.15333648840511
VCT,St. Vincent and the Grenadines,2016,inflation,-0.149641647633284
VCT,St. Vincent and the Grenadines,2015,inflation,-1.73361194953959
SDN,Sudan,2025,inflation,
SDN,Sudan,2024,inflation,
SDN,Sudan,2023,inflation,
SDN,Sudan,2022,inflation,138.80846024176
SDN,Sudan,2021,inflation,359.093040778999
SDN,Sudan,2020,inflation,163.257782355458
SDN,Sudan,2019,inflation,50.9940515002965
SDN,Sudan,2018,inflation,63.2925073455888
SDN,Sudan,2017,inflation,32.3516260968437
SDN,Sudan,2016,inflation,17.750253831196
SDN,Sudan,2015,inflation,16.9095706050977
SUR,Suriname,2025,inflation,9.2054681878919
SUR,Suriname,2024,inflation,16.2296159130279
SUR,Suriname,2023,inflation,51.5873159600861
SUR,Suriname,2022,inflation,52.446027276241
SUR,Suriname,2021,inflation,59.1196626251977
SUR,Suriname,2020,inflation,34.889784309078
SUR,Suriname,2019,inflation,
SUR,Suriname,2018,inflation,
SUR,Suriname,2017,inflation,21.9969430173304
SUR,Suriname,2016,inflation,55.4123879763196
SUR,Suriname,2015,inflation,6.89390359168238
SWE,Sweden,2025,inflation,0.679869285243995
SWE,Sweden,2024,inflation,2.83581658224034
SWE,Sweden,2023,inflation,8.5486248974891
SWE,Sweden,2022,inflation,8.36929098869189
SWE,Sweden,2021,inflation,2.16319736447143
SWE,Sweden,2020,inflation,0.497367318853572
SWE,Sweden,2019,inflation,1.78415097403835
SWE,Sweden,2018,inflation,1.95353530127028
SWE,Sweden,2017,inflation,1.79449904665599
SWE,Sweden,2016,inflation,0.984269244577992
SWE,Sweden,2015,inflation,-0.0467847449832812
CHE,Switzerland,2025,inflation,0.154376978290185
CHE,Switzerland,2024,inflation,1.06234041976595
CHE,Switzerland,2023,inflation,2.13540088016387
CHE,Switzerland,2022,inflation,2.83502798644451
CHE,Switzerland,2021,inflation,0.581814168489856
CHE,Switzerland,2020,inflation,-0.725874933313403
CHE,Switzerland,2019,inflation,0.362886179940674
CHE,Switzerland,2018,inflation,0.936335464113572
CHE,Switzerland,2017,inflation,0.533787839825876
CHE,Switzerland,2016,inflation,-0.434618664285815
CHE,Switzerland,2015,inflation,-1.14390867228178
SYR,Syrian Arab Republic,2025,inflation,
SYR,Syrian Arab Republic,2024,inflation,
SYR,Syrian Arab Republic,2023,inflation,
SYR,Syrian Arab Republic,2022,inflation,
SYR,Syrian Arab Republic,2021,inflation,
SYR,Syrian Arab Republic,2020,inflation,
SYR,Syrian Arab Republic,2019,inflation,13.4175653228571
SYR,Syrian Arab Republic,2018,inflation,0.940983843906769
SYR,Syrian Arab Republic,2017,inflation,18.0752696281771
SYR,Syrian Arab Republic,2016,inflation,47.7051615298923
SYR,Syrian Arab Republic,2015,inflation,38.4611429599733
TJK,Tajikistan,2025,inflation,
TJK,Tajikistan,2024,inflation,
TJK,Tajikistan,2023,inflation,
TJK,Tajikistan,2022,inflation,
TJK,Tajikistan,2021,inflation,
TJK,Tajikistan,2020,inflation,
TJK,Tajikistan,2019,inflation,
TJK,Tajikistan,2018,inflation,
TJK,Tajikistan,2017,inflation,
TJK,Tajikistan,2016,inflation,6.00458082322139
TJK,Tajikistan,2015,inflation,5.7145594964971
TZA,Tanzania,2025,inflation,3.32697361316105
TZA,Tanzania,2024,inflation,3.05694676312373
TZA,Tanzania,2023,inflation,3.79923291384916
TZA,Tanzania,2022,inflation,4.35027204269101
TZA,Tanzania,2021,inflation,3.69091958802199
TZA,Tanzania,2020,inflation,3.29029062798325
TZA,Tanzania,2019,inflation,3.46428057999021
TZA,Tanzania,2018,inflation,3.49445848856181
TZA,Tanzania,2017,inflation,5.31871605228931
TZA,Tanzania,2016,inflation,5.17476629301493
TZA,Tanzania,2015,inflation,5.58816952959298
THA,Thailand,2025,inflation,-0.133634356480207
THA,Thailand,2024,inflation,0.398333333333422
THA,Thailand,2023,inflation,1.22908986612448
THA,Thailand,2022,inflation,6.07589952842433
THA,Thailand,2021,inflation,1.23104516549814
THA,Thailand,2020,inflation,-0.846087518861799
THA,Thailand,2019,inflation,0.705524801910317
THA,Thailand,2018,inflation,1.06683487370758
THA,Thailand,2017,inflation,0.664415139830893
THA,Thailand,2016,inflation,0.186235191075453
THA,Thailand,2015,inflation,-0.898143410569433
TLS,Timor-Leste,2025,inflation,0.428322848346937
TLS,Timor-Leste,2024,inflation,2.06284153005468
TLS,Timor-Leste,2023,inflation,8.42035103310377
TLS,Timor-Leste,2022,inflation,7.00530945399787
TLS,Timor-Leste,2021,inflation,3.69792094666786
TLS,Timor-Leste,2020,inflation,0.495499215459571
TLS,Timor-Leste,2019,inflation,0.958812739703141
TLS,Timor-Leste,2018,inflation,2.63647201015892
TLS,Timor-Leste,2017,inflation,0.557215537430361
TLS,Timor-Leste,2016,inflation,-1.33853876185163
TLS,Timor-Leste,2015,inflation,0.552796026277853
TGO,Togo,2025,inflation,0.433183451279109
TGO,Togo,2024,inflation,2.86262074089801
TGO,Togo,2023,inflation,5.48928568141131
TGO,Togo,2022,inflation,7.96757361617945
TGO,Togo,2021,inflation,4.1862150652352
TGO,Togo,2020,inflation,1.69928463299399
TGO,Togo,2019,inflation,0.674652770077525
TGO,Togo,2018,inflation,0.927755426457183
TGO,Togo,2017,inflation,-0.981889868943119
TGO,Togo,2016,inflation,1.28544847051417
TGO,Togo,2015,inflation,2.58500390801595
TON,Tonga,2025,inflation,5.59276642101027
TON,Tonga,2024,inflation,3.18188924237472
TON,Tonga,2023,inflation,6.35112980255182
TON,Tonga,2022,inflation,10.9713652903022
TON,Tonga,2021,inflation,5.64051140636743
TON,Tonga,2020,inflation,-0.349737696727419
TON,Tonga,2019,inflation,1.17954334821801
TON,Tonga,2018,inflation,5.03209691984883
TON,Tonga,2017,inflation,7.51706283551116
TON,Tonga,2016,inflation,2.57815515245081
TON,Tonga,2015,inflation,-1.05399831971283
TTO,Trinidad and Tobago,2025,inflation,0.994489987904821
TTO,Trinidad and Tobago,2024,inflation,0.526884625776839
TTO,Trinidad and Tobago,2023,inflation,4.62930242419968
TTO,Trinidad and Tobago,2022,inflation,5.82838638517959
TTO,Trinidad and Tobago,2021,inflation,2.05922746915458
TTO,Trinidad and Tobago,2020,inflation,0.598986330824643
TTO,Trinidad and Tobago,2019,inflation,1.00054293027237
TTO,Trinidad and Tobago,2018,inflation,1.01856930188822
TTO,Trinidad and Tobago,2017,inflation,1.88038440183532
TTO,Trinidad and Tobago,2016,inflation,3.07066742464024
TTO,Trinidad and Tobago,2015,inflation,4.66121598098264
TUN,Tunisia,2025,inflation,5.15100197572676
TUN,Tunisia,2024,inflation,7.20661657168794
TUN,Tunisia,2023,inflation,9.32899597507865
TUN,Tunisia,2022,inflation,8.30646124447623
TUN,Tunisia,2021,inflation,5.706350208307
TUN,Tunisia,2020,inflation,5.63415115897625
TUN,Tunisia,2019,inflation,6.72007532863799
TUN,Tunisia,2018,inflation,7.30759176031652
TUN,Tunisia,2017,inflation,5.30884839565844
TUN,Tunisia,2016,inflation,3.62939937384381
TUN,Tunisia,2015,inflation,4.437371273215
TUR,Turkiye,2025,inflation,34.8811629820306
TUR,Turkiye,2024,inflation,58.5064507300342
TUR,Turkiye,2023,inflation,53.8594087593315
TUR,Turkiye,2022,inflation,72.3088359891207
TUR,Turkiye,2021,inflation,19.5964926913324
TUR,Turkiye,2020,inflation,12.2789574462574
TUR,Turkiye,2019,inflation,15.1768215720022
TUR,Turkiye,2018,inflation,16.3324638988929
TUR,Turkiye,2017,inflation,11.1443110840764
TUR,Turkiye,2016,inflation,7.7751341532833
TUR,Turkiye,2015,inflation,7.67085364845885
TKM,Turkmenistan,2025,inflation,
TKM,Turkmenistan,2024,inflation,
TKM,Turkmenistan,2023,inflation,
TKM,Turkmenistan,2022,inflation,
TKM,Turkmenistan,2021,inflation,
TKM,Turkmenistan,2020,inflation,
TKM,Turkmenistan,2019,inflation,
TKM,Turkmenistan,2018,inflation,
TKM,Turkmenistan,2017,inflation,
TKM,Turkmenistan,2016,inflation,
TKM,Turkmenistan,2015,inflation,
TCA,Turks and Caicos Islands,2025,inflation,
TCA,Turks and Caicos Islands,2024,inflation,
TCA,Turks and Caicos Islands,2023,inflation,
TCA,Turks and Caicos Islands,2022,inflation,
TCA,Turks and Caicos Islands,2021,inflation,
TCA,Turks and Caicos Islands,2020,inflation,
TCA,Turks and Caicos Islands,2019,inflation,
TCA,Turks and Caicos Islands,2018,inflation,
TCA,Turks and Caicos Islands,2017,inflation,
TCA,Turks and Caicos Islands,2016,inflation,
TCA,Turks and Caicos Islands,2015,inflation,
TUV,Tuvalu,2025,inflation,
TUV,Tuvalu,2024,inflation,
TUV,Tuvalu,2023,inflation,
TUV,Tuvalu,2022,inflation,
TUV,Tuvalu,2021,inflation,
TUV,Tuvalu,2020,inflation,
TUV,Tuvalu,2019,inflation,
TUV,Tuvalu,2018,inflation,
TUV,Tuvalu,2017,inflation,
TUV,Tuvalu,2016,inflation,
TUV,Tuvalu,2015,inflation,
UGA,Uganda,2025,inflation,3.58082784438067
UGA,Uganda,2024,inflation,3.32338033691819
UGA,Uganda,2023,inflation,5.35094804280395
UGA,Uganda,2022,inflation,7.1957888597581
UGA,Uganda,2021,inflation,2.20457204757414
UGA,Uganda,2020,inflation,3.31332289544502
UGA,Uganda,2019,inflation,2.867588034469
UGA,Uganda,2018,inflation,2.61601190952274
UGA,Uganda,2017,inflation,5.20971705914209
UGA,Uganda,2016,inflation,5.70637504616212
UGA,Uganda,2015,inflation,5.58968606251725
UKR,Ukraine,2025,inflation,12.7303341026903
UKR,Ukraine,2024,inflation,6.50198464669254
UKR,Ukraine,2023,inflation,12.8490222828559
UKR,Ukraine,2022,inflation,20.1836366617478
UKR,Ukraine,2021,inflation,9.36313917695223
UKR,Ukraine,2020,inflation,2.73249209419427
UKR,Ukraine,2019,inflation,7.88671745611133
UKR,Ukraine,2018,inflation,10.9518559353178
UKR,Ukraine,2017,inflation,14.4383227488749
UKR,Ukraine,2016,inflation,13.9127101997797
UKR,Ukraine,2015,inflation,48.6998646434424
ARE,United Arab Emirates,2025,inflation,1.250865245598
ARE,United Arab Emirates,2024,inflation,1.66336510224894
ARE,United Arab Emirates,2023,inflation,1.62670837213248
ARE,United Arab Emirates,2022,inflation,5.29122604376849
ARE,United Arab Emirates,2021,inflation,0.179935336174431
ARE,United Arab Emirates,2020,inflation,-2.07940317940944
ARE,United Arab Emirates,2019,inflation,-1.93108114782173
ARE,United Arab Emirates,2018,inflation,3.06863379251997
ARE,United Arab Emirates,2017,inflation,1.96682557818842
ARE,United Arab Emirates,2016,inflation,1.61748808904198
ARE,United Arab Emirates,2015,inflation,4.06996608361593
GBR,United Kingdom,2025,inflation,3.88306881626
GBR,United Kingdom,2024,inflation,3.2715729463592
GBR,United Kingdom,2023,inflation,6.79396706793963
GBR,United Kingdom,2022,inflation,7.92204883147902
GBR,United Kingdom,2021,inflation,2.51837109614213
GBR,United Kingdom,2020,inflation,0.989486703772491
GBR,United Kingdom,2019,inflation,1.73810460086513
GBR,United Kingdom,2018,inflation,2.29283990345938
GBR,United Kingdom,2017,inflation,2.55775577557747
GBR,United Kingdom,2016,inflation,1.0084173681141
GBR,United Kingdom,2015,inflation,0.36804684232536
USA,United States,2025,inflation,
USA,United States,2024,inflation,2.94952520485207
USA,United States,2023,inflation,4.11633838374488
USA,United States,2022,inflation,8.00279982052121
USA,United States,2021,inflation,4.69785886363742
USA,United States,2020,inflation,1.23358439630629
USA,United States,2019,inflation,1.81221007526021
USA,United States,2018,inflation,2.44258329692817
USA,United States,2017,inflation,2.13011000365961
USA,United States,2016,inflation,1.26158320570536
USA,United States,2015,inflation,0.118627135552451
URY,Uruguay,2025,inflation,4.65032720433324
URY,Uruguay,2024,inflation,4.84914366613156
URY,Uruguay,2023,inflation,5.86910359896119
URY,Uruguay,2022,inflation,9.10437983075437
URY,Uruguay,2021,inflation,7.74791402314762
URY,Uruguay,2020,inflation,9.75640636078194
URY,Uruguay,2019,inflation,7.88198870879619
URY,Uruguay,2018,inflation,7.60653360377047
URY,Uruguay,2017,inflation,6.2180938256186
URY,Uruguay,2016,inflation,9.6394134763508
URY,Uruguay,2015,inflation,8.66626987079328
UZB,Uzbekistan,2025,inflation,8.79638847052461
UZB,Uzbekistan,2024,inflation,9.62825465956682
UZB,Uzbekistan,2023,inflation,9.95659071258018
UZB,Uzbekistan,2022,inflation,11.4466436998836
UZB,Uzbekistan,2021,inflation,10.8492397508122
UZB,Uzbekistan,2020,inflation,12.8677297362606
UZB,Uzbekistan,2019,inflation,14.5257359560687
UZB,Uzbekistan,2018,inflation,17.5241796514055
UZB,Uzbekistan,2017,inflation,13.8757425441635
UZB,Uzbekistan,2016,inflation,8.130886695236
UZB,Uzbekistan,2015,inflation,8.75188196737508
VUT,Vanuatu,2025,inflation,0.656455142231905
VUT,Vanuatu,2024,inflation,1.14348948727412
VUT,Vanuatu,2023,inflation,11.1825017088175
VUT,Vanuatu,2022,inflation,6.67930581887121
VUT,Vanuatu,2021,inflation,2.34328358208953
VUT,Vanuatu,2020,inflation,5.32935073101715
VUT,Vanuatu,2019,inflation,2.76252019386111
VUT,Vanuatu,2018,inflation,2.33096379566866
VUT,Vanuatu,2017,inflation,3.08452624403546
VUT,Vanuatu,2016,inflation,0.842069084035061
VUT,Vanuatu,2015,inflation,2.48326875660439
VEN,"Venezuela, RB",2025,inflation,
VEN,"Venezuela, RB",2024,inflation,
VEN,"Venezuela, RB",2023,inflation,
VEN,"Venezuela, RB",2022,inflation,
VEN,"Venezuela, RB",2021,inflation,
VEN,"Venezuela, RB",2020,inflation,
VEN,"Venezuela, RB",2019,inflation,
VEN,"Venezuela, RB",2018,inflation,
VEN,"Venezuela, RB",2017,inflation,
VEN,"Venezuela, RB",2016,inflation,254.948534781816
VEN,"Venezuela, RB",2015,inflation,121.738085297503
VNM,Viet Nam,2025,inflation,3.3099931421974
VNM,Viet Nam,2024,inflation,3.62109273885844
VNM,Viet Nam,2023,inflation,3.25289282667662
VNM,Viet Nam,2022,inflation,3.15650749963112
VNM,Viet Nam,2021,inflation,1.83471554810462
VNM,Viet Nam,2020,inflation,3.22093436652515
VNM,Viet Nam,2019,inflation,2.79582367452244
VNM,Viet Nam,2018,inflation,3.53962805942641
VNM,Viet Nam,2017,inflation,3.52025688811618
VNM,Viet Nam,2016,inflation,2.66824816969082
VNM,Viet Nam,2015,inflation,0.631200905175685
VIR,Virgin Islands (U.S.),2025,inflation,
VIR,Virgin Islands (U.S.),2024,inflation,
VIR,Virgin Islands (U.S.),2023,inflation,
VIR,Virgin Islands (U.S.),2022,inflation,
VIR,Virgin Islands (U.S.),2021,inflation,
VIR,Virgin Islands (U.S.),2020,inflation,
VIR,Virgin Islands (U.S.),2019,inflation,
VIR,Virgin Islands (U.S.),2018,inflation,
VIR,Virgin Islands (U.S.),2017,inflation,
VIR,Virgin Islands (U.S.),2016,inflation,
VIR,Virgin Islands (U.S.),2015,inflation,
PSE,West Bank and Gaza,2025,inflation,9.80840118100493
PSE,West Bank and Gaza,2024,inflation,53.6691458303782
PSE,West Bank and Gaza,2023,inflation,5.87110177678988
PSE,West Bank and Gaza,2022,inflation,3.74122391852077
PSE,West Bank and Gaza,2021,inflation,1.23748102831369
PSE,West Bank and Gaza,2020,inflation,-0.735332001092191
PSE,West Bank and Gaza,2019,inflation,1.58018333639455
PSE,West Bank and Gaza,2018,inflation,-0.195107773730735
PSE,West Bank and Gaza,2017,inflation,0.212570934228881
PSE,West Bank and Gaza,2016,inflation,-0.219106604907316
PSE,West Bank and Gaza,2015,inflation,1.43161145810476
YEM,"Yemen, Rep.",2025,inflation,
YEM,"Yemen, Rep.",2024,inflation,
YEM,"Yemen, Rep.",2023,inflation,
YEM,"Yemen, Rep.",2022,inflation,
YEM,"Yemen, Rep.",2021,inflation,
YEM,"Yemen, Rep.",2020,inflation,
YEM,"Yemen, Rep.",2019,inflation,
YEM,"Yemen, Rep.",2018,inflation,
YEM,"Yemen, Rep.",2017,inflation,
YEM,"Yemen, Rep.",2016,inflation,
YEM,"Yemen, Rep.",2015,inflation,
ZMB,Zambia,2025,inflation,13.9099095827735
ZMB,Zambia,2024,inflation,14.9856262747939
ZMB,Zambia,2023,inflation,10.884531691282
ZMB,Zambia,2022,inflation,10.9932039209136
ZMB,Zambia,2021,inflation,22.0207676245777
ZMB,Zambia,2020,inflation,15.7330604721369
ZMB,Zambia,2019,inflation,9.15031644316296
ZMB,Zambia,2018,inflation,7.4945719272852
ZMB,Zambia,2017,inflation,6.57731154205644
ZMB,Zambia,2016,inflation,17.8697300795268
ZMB,Zambia,2015,inflation,10.1105928909618
ZWE,Zimbabwe,2025,inflation,
ZWE,Zimbabwe,2024,inflation,
ZWE,Zimbabwe,2023,inflation,
ZWE,Zimbabwe,2022,inflation,104.705170628667
ZWE,Zimbabwe,2021,inflation,98.5461050920624
ZWE,Zimbabwe,2020,inflation,557.201817362051
ZWE,Zimbabwe,2019,inflation,255.304990757856
ZWE,Zimbabwe,2018,inflation,10.6188658669575
ZWE,Zimbabwe,2017,inflation,0.893962316050027
ZWE,Zimbabwe,2016,inflation,-1.54366960054161
ZWE,Zimbabwe,2015,inflation,-2.43096842383404
